<PAMDataset>
  <Metadata>
    <MDI key="DataType">Generic</MDI>
  </Metadata>
  <PAMRasterBand band="1">
    <Description>Band_1</Description>
    <Histograms>
      <HistItem>
        <HistMin>0.04949716851115227</HistMin>
        <HistMax>286824.59375</HistMax>
        <BucketCount>256</BucketCount>
        <IncludeOutOfRange>1</IncludeOutOfRange>
        <Approximate>0</Approximate>
        <HistCounts>922|822|788|1772|991|797|2578|1246|1066|1131|1440|609|758|1365|601|1197|676|387|467|1034|604|255|298|225|354|240|242|247|226|138|189|815|136|179|152|114|95|105|630|128|61|108|67|92|56|58|89|398|56|34|64|32|31|44|63|34|28|216|31|31|31|48|26|115|17|30|13|11|22|5|7|12|26|13|12|24|40|11|18|43|5|5|10|5|9|4|6|5|6|8|7|9|4|4|6|24|5|3|0|2|4|2|6|3|1|2|0|4|2|2|1|8|4|5|3|11|1|0|1|2|6|0|1|1|0|2|4|5|0|0|1|0|1|0|2|1|1|1|0|1|0|1|2|5|1|0|1|0|0|0|2|0|1|2|1|0|0|2|2|1|0|0|1|0|0|0|1|3|0|0|1|0|2|0|1|2|0|0|0|0|0|0|0|0|0|0|0|0|0|0|2|2|1|0|0|0|0|0|0|0|0|0|0|0|0|0|0|0|0|0|0|0|1|0|0|0|0|1|0|0|0|0|0|1|0|0|0|0|0|0|0|0|0|0|0|0|0|0|1|0|0|0|0|0|0|0|0|0|0|0|0|0|0|0|0|1</HistCounts>
      </HistItem>
    </Histograms>
    <Metadata>
      <MDI key="BandName">Band_1</MDI>
      <MDI key="RepresentationType">ATHEMATIC</MDI>
      <MDI key="STATISTICS_COVARIANCES">379388262.5606958</MDI>
      <MDI key="STATISTICS_EXCLUDEDVALUES"></MDI>
      <MDI key="STATISTICS_MAXIMUM">286824.59375</MDI>
      <MDI key="STATISTICS_MEAN">19364.462247868</MDI>
      <MDI key="STATISTICS_MINIMUM">0.049497168511152</MDI>
      <MDI key="STATISTICS_SKIPFACTORX">1</MDI>
      <MDI key="STATISTICS_SKIPFACTORY">1</MDI>
      <MDI key="STATISTICS_STDDEV">19477.891635408</MDI>
    </Metadata>
  </PAMRasterBand>
</PAMDataset>
