<?xml version="1.0" encoding="UTF-8"?>
<metadata xml:lang="en"><Esri><CreaDate>20210210</CreaDate><CreaTime>11444200</CreaTime><ArcGISFormat>1.0</ArcGISFormat><SyncOnce>TRUE</SyncOnce><DataProperties><lineage><Process ToolSource="c:\arcgis\desktop10.7\ArcToolbox\Toolboxes\Spatial Analyst Tools.tbx\Combine" Date="20210210" Time="114442">Combine F:\natsyn\DelawareRiverBasin\DRB2021\GIS\BaseCovers\DRB_NWALT1K_1992.tif;F:\natsyn\DelawareRiverBasin\DRB2021\GIS\RoadSaltDRB\DRB1995int.tif F:\natsyn\DelawareRiverBasin\DRB2021\GIS\RoadSaltDRB\Combine_DRB_NWA1.tif</Process><Process ToolSource="c:\arcgis\desktop10.7\ArcToolbox\Toolboxes\Data Management Tools.tbx\Rename" Date="20210210" Time="114442">Rename outcombine.tif F:\natsyn\DelawareRiverBasin\DRB2021\GIS\RoadSaltDRB\DRB1995LU92.tif RasterDataset</Process></lineage></DataProperties></Esri></metadata>
