<PAMDataset>
  <Metadata>
    <MDI key="DataType">Generic</MDI>
  </Metadata>
  <PAMRasterBand band="1">
    <Description>Band_1</Description>
    <Histograms>
      <HistItem>
        <HistMin>0.8568586707115173</HistMin>
        <HistMax>419895.0625</HistMax>
        <BucketCount>256</BucketCount>
        <IncludeOutOfRange>1</IncludeOutOfRange>
        <Approximate>0</Approximate>
        <HistCounts>2081|2288|1713|1038|1384|509|782|572|661|1975|479|409|1666|1189|176|1010|431|454|1274|315|162|403|347|164|248|1013|207|546|92|121|757|212|167|83|110|209|262|421|115|54|141|36|61|111|89|335|51|25|34|80|182|43|26|59|102|10|14|41|24|32|76|22|37|109|7|22|8|18|23|8|12|20|39|5|11|47|21|13|6|10|8|32|7|1|5|5|15|6|15|10|6|31|1|0|2|11|2|2|3|6|14|8|3|0|9|2|1|1|2|9|3|1|1|9|3|1|0|0|4|1|0|6|0|0|2|4|3|3|0|0|0|0|3|0|0|1|6|1|0|2|0|0|0|0|0|0|0|0|0|0|2|3|0|0|1|0|0|0|0|0|0|0|0|0|0|0|0|0|0|0|0|0|0|2|0|0|1|0|0|0|0|1|1|0|0|0|0|0|1|0|0|0|0|0|0|0|0|0|0|0|0|1|0|0|0|0|0|0|0|0|0|0|0|0|0|0|0|0|0|0|0|0|0|0|0|0|0|0|0|0|0|0|0|0|0|0|0|0|0|0|0|0|0|0|0|0|0|0|0|0|0|0|0|0|0|1</HistCounts>
      </HistItem>
    </Histograms>
    <Metadata>
      <MDI key="BandName">Band_1</MDI>
      <MDI key="RepresentationType">ATHEMATIC</MDI>
      <MDI key="STATISTICS_COVARIANCES">786586630.7291868</MDI>
      <MDI key="STATISTICS_EXCLUDEDVALUES"></MDI>
      <MDI key="STATISTICS_MAXIMUM">419895.0625</MDI>
      <MDI key="STATISTICS_MEAN">26808.83406846</MDI>
      <MDI key="STATISTICS_MINIMUM">0.85685867071152</MDI>
      <MDI key="STATISTICS_SKIPFACTORX">1</MDI>
      <MDI key="STATISTICS_SKIPFACTORY">1</MDI>
      <MDI key="STATISTICS_STDDEV">28046.15179894</MDI>
    </Metadata>
  </PAMRasterBand>
</PAMDataset>
