<PAMDataset>
  <Metadata>
    <MDI key="DataType">Generic</MDI>
  </Metadata>
  <PAMRasterBand band="1">
    <Description>Band_1</Description>
    <Histograms>
      <HistItem>
        <HistMin>0.4458507895469666</HistMin>
        <HistMax>290706.5</HistMax>
        <BucketCount>256</BucketCount>
        <IncludeOutOfRange>1</IncludeOutOfRange>
        <Approximate>0</Approximate>
        <HistCounts>1990|2080|1728|1384|1331|870|2479|516|849|1095|1218|458|621|1538|425|1071|521|335|304|1072|631|135|243|266|197|108|238|278|140|83|170|830|122|119|168|27|62|83|633|58|50|106|27|47|60|36|28|467|10|22|20|28|15|27|42|18|17|214|22|10|21|40|16|134|7|16|5|20|20|2|1|17|6|5|5|19|52|6|18|46|1|5|9|1|1|5|2|1|5|5|1|6|0|7|4|38|0|0|0|1|1|1|4|0|1|0|0|3|0|0|2|12|2|3|0|15|1|0|0|1|0|0|2|1|0|0|1|8|0|0|2|0|0|0|1|0|1|0|1|3|0|0|1|6|0|0|1|0|0|0|0|0|0|4|0|0|0|1|2|3|0|0|0|0|0|0|0|3|0|0|0|1|3|0|1|2|0|0|0|0|0|0|0|0|0|0|0|0|0|0|1|4|0|0|0|0|0|0|0|0|0|0|0|0|0|0|0|0|0|0|0|0|0|0|0|0|0|0|0|1|0|0|0|1|0|0|0|0|0|0|1|0|0|0|0|0|0|0|1|0|0|0|0|0|0|0|0|0|0|0|0|0|0|0|0|1</HistCounts>
      </HistItem>
    </Histograms>
    <Metadata>
      <MDI key="BandName">Band_1</MDI>
      <MDI key="RepresentationType">ATHEMATIC</MDI>
      <MDI key="STATISTICS_COVARIANCES">364169224.9122941</MDI>
      <MDI key="STATISTICS_EXCLUDEDVALUES"></MDI>
      <MDI key="STATISTICS_MAXIMUM">290706.5</MDI>
      <MDI key="STATISTICS_MEAN">17014.797871666</MDI>
      <MDI key="STATISTICS_MINIMUM">0.44585078954697</MDI>
      <MDI key="STATISTICS_SKIPFACTORX">1</MDI>
      <MDI key="STATISTICS_SKIPFACTORY">1</MDI>
      <MDI key="STATISTICS_STDDEV">19083.218410748</MDI>
    </Metadata>
  </PAMRasterBand>
</PAMDataset>
