<PAMDataset>
  <Metadata>
    <MDI key="DataType">Generic</MDI>
  </Metadata>
  <PAMRasterBand band="1">
    <Description>Band_1</Description>
    <Histograms>
      <HistItem>
        <HistMin>0.2979179918766022</HistMin>
        <HistMax>399872.34375</HistMax>
        <BucketCount>256</BucketCount>
        <IncludeOutOfRange>1</IncludeOutOfRange>
        <Approximate>0</Approximate>
        <HistCounts>206|587|312|919|1452|659|803|1019|1338|1994|824|715|964|1400|1360|466|467|1393|1124|486|446|501|462|205|317|305|298|529|888|220|243|281|216|116|681|244|231|104|160|112|132|132|409|126|138|125|64|57|107|79|66|234|62|82|101|34|133|88|32|43|29|22|80|61|21|27|57|19|58|29|43|46|25|27|21|23|19|22|15|19|21|24|22|9|6|27|15|4|10|18|14|12|4|8|5|11|4|5|7|15|18|3|15|10|7|6|4|1|4|9|0|6|2|9|5|2|2|1|7|4|3|2|0|1|4|3|3|8|0|0|2|0|0|2|0|3|5|1|0|1|6|1|0|0|1|1|0|1|7|1|2|1|0|2|1|2|2|0|0|0|0|0|0|1|0|0|0|1|0|2|2|0|0|0|0|1|0|0|1|0|0|0|1|0|0|2|0|0|1|0|0|0|0|1|0|0|0|0|1|0|0|0|0|0|0|0|1|0|0|0|0|0|1|0|0|0|0|0|0|0|0|0|0|0|0|0|1|0|0|0|0|0|0|0|0|0|0|0|0|0|0|0|0|0|0|0|0|0|0|0|0|0|0|0|0|1</HistCounts>
      </HistItem>
    </Histograms>
    <Metadata>
      <MDI key="BandName">Band_1</MDI>
      <MDI key="RepresentationType">ATHEMATIC</MDI>
      <MDI key="STATISTICS_COVARIANCES">833316802.3316046</MDI>
      <MDI key="STATISTICS_EXCLUDEDVALUES"></MDI>
      <MDI key="STATISTICS_MAXIMUM">399872.34375</MDI>
      <MDI key="STATISTICS_MEAN">32091.592632901</MDI>
      <MDI key="STATISTICS_MINIMUM">0.2979179918766</MDI>
      <MDI key="STATISTICS_SKIPFACTORX">1</MDI>
      <MDI key="STATISTICS_SKIPFACTORY">1</MDI>
      <MDI key="STATISTICS_STDDEV">28867.227132712</MDI>
    </Metadata>
  </PAMRasterBand>
</PAMDataset>
