<?xml version="1.0" encoding="UTF-8"?>
<metadata xml:lang="en"><Esri><CreaDate>20210128</CreaDate><CreaTime>13530300</CreaTime><ArcGISFormat>1.0</ArcGISFormat><SyncOnce>TRUE</SyncOnce><DataProperties><lineage><Process ToolSource="c:\arcgis\desktop10.7\ArcToolbox\Toolboxes\Spatial Analyst Tools.tbx\RasterCalculator" Date="20210128" Time="135303">RasterCalculator Int("DRB1992.tif"+.5) F:\natsyn\DelawareRiverBasin\DRB2021\GIS\RoadSaltDRB\DRB1992int.tif</Process></lineage></DataProperties></Esri></metadata>
