<PAMDataset>
  <PAMRasterBand band="1">
    <Histograms>
      <HistItem>
        <HistMin>0</HistMin>
        <HistMax>394884</HistMax>
        <BucketCount>256</BucketCount>
        <IncludeOutOfRange>1</IncludeOutOfRange>
        <Approximate>0</Approximate>
        <HistCounts>218|641|915|1303|1025|854|1638|852|731|2369|927|618|1784|1178|413|1363|575|417|1188|461|288|492|431|198|313|987|212|555|131|173|206|720|312|89|97|231|263|92|499|104|72|100|108|125|76|179|223|34|45|108|69|144|69|43|110|29|16|40|35|46|40|15|59|50|74|36|12|12|27|11|11|32|23|21|17|17|29|40|9|13|5|11|30|7|5|7|9|16|7|2|17|19|3|15|2|2|9|2|4|8|13|3|3|6|4|9|1|1|3|15|1|2|0|2|7|1|6|0|0|5|2|1|0|1|3|2|1|1|6|2|0|2|0|0|0|2|3|3|1|0|2|1|2|0|0|0|0|0|0|0|1|1|1|0|2|2|0|0|0|0|0|0|0|0|0|0|0|0|1|0|0|0|1|0|0|0|1|0|0|0|0|1|1|0|0|0|0|0|0|0|0|0|0|1|0|0|0|0|0|0|0|0|0|0|0|0|1|0|0|0|0|0|0|0|0|0|0|0|0|0|0|0|0|0|0|0|0|0|0|0|0|0|0|0|0|0|0|0|0|0|0|0|0|0|0|0|0|0|0|0|0|0|0|0|0|1</HistCounts>
      </HistItem>
    </Histograms>
    <Metadata>
      <MDI key="RepresentationType">ATHEMATIC</MDI>
      <MDI key="STATISTICS_EXCLUDEDVALUES"></MDI>
      <MDI key="STATISTICS_MAXIMUM">394884</MDI>
      <MDI key="STATISTICS_MEAN">28622.149890822</MDI>
      <MDI key="STATISTICS_MINIMUM">0</MDI>
      <MDI key="STATISTICS_SKIPFACTORX">1</MDI>
      <MDI key="STATISTICS_SKIPFACTORY">1</MDI>
      <MDI key="STATISTICS_STDDEV">26047.235559084</MDI>
    </Metadata>
  </PAMRasterBand>
</PAMDataset>
