<PAMDataset>
  <Metadata>
    <MDI key="DataType">Generic</MDI>
  </Metadata>
  <PAMRasterBand band="1">
    <Description>Band_1</Description>
    <Histograms>
      <HistItem>
        <HistMin>0.6745937466621399</HistMin>
        <HistMax>379292.4375</HistMax>
        <BucketCount>256</BucketCount>
        <IncludeOutOfRange>1</IncludeOutOfRange>
        <Approximate>0</Approximate>
        <HistCounts>1255|508|505|1661|328|918|660|2847|478|652|1072|2008|235|425|674|2396|660|444|262|1326|256|391|394|762|301|150|216|285|267|137|272|1133|109|167|127|204|69|91|798|179|100|43|120|84|59|112|72|492|23|69|41|42|83|20|47|83|34|223|39|39|26|22|28|181|12|20|29|23|11|15|22|36|10|16|8|22|56|15|16|64|7|11|4|14|2|2|7|19|4|9|4|13|3|10|7|42|3|0|4|7|3|1|1|5|1|4|0|4|2|2|6|15|1|3|1|15|6|1|1|3|0|0|3|2|0|0|1|8|1|0|2|0|0|0|2|0|0|0|2|3|1|0|1|6|0|0|3|0|0|0|1|0|0|4|0|0|0|1|3|3|0|0|0|1|0|0|0|3|0|0|0|1|3|0|1|2|0|0|0|0|0|0|0|0|0|0|0|0|0|0|1|3|0|0|0|0|0|0|0|0|0|0|0|0|0|0|0|0|0|0|0|0|0|0|0|0|0|0|0|1|0|0|1|1|0|0|0|0|0|0|1|0|0|0|0|0|0|0|1|0|0|0|0|0|0|0|0|0|0|0|0|0|0|0|0|1</HistCounts>
      </HistItem>
    </Histograms>
    <Metadata>
      <MDI key="BandName">Band_1</MDI>
      <MDI key="RepresentationType">ATHEMATIC</MDI>
      <MDI key="STATISTICS_COVARIANCES">723497098.6389474</MDI>
      <MDI key="STATISTICS_EXCLUDEDVALUES"></MDI>
      <MDI key="STATISTICS_MAXIMUM">379292.4375</MDI>
      <MDI key="STATISTICS_MEAN">28587.499308074</MDI>
      <MDI key="STATISTICS_MINIMUM">0.67459374666214</MDI>
      <MDI key="STATISTICS_SKIPFACTORX">1</MDI>
      <MDI key="STATISTICS_SKIPFACTORY">1</MDI>
      <MDI key="STATISTICS_STDDEV">26897.901379828</MDI>
    </Metadata>
  </PAMRasterBand>
</PAMDataset>
