<?xml version="1.0" encoding="UTF-8"?>
<metadata xml:lang="en"><Esri><CreaDate>20210201</CreaDate><CreaTime>12415100</CreaTime><ArcGISFormat>1.0</ArcGISFormat><SyncOnce>TRUE</SyncOnce><DataProperties><lineage><Process ToolSource="c:\arcgis\desktop10.7\ArcToolbox\Toolboxes\Spatial Analyst Tools.tbx\RasterCalculator" Date="20210201" Time="124151">RasterCalculator Int("DRB1998.tif"+.5) F:\natsyn\DelawareRiverBasin\DRB2021\GIS\RoadSaltDRB\DRB1998int.tif</Process></lineage></DataProperties></Esri></metadata>
