<PAMDataset>
  <Metadata>
    <MDI key="DataType">Generic</MDI>
  </Metadata>
  <PAMRasterBand band="1">
    <Description>Band_1</Description>
    <Histograms>
      <HistItem>
        <HistMin>0.416332334280014</HistMin>
        <HistMax>558810.75</HistMax>
        <BucketCount>256</BucketCount>
        <IncludeOutOfRange>1</IncludeOutOfRange>
        <Approximate>0</Approximate>
        <HistCounts>202|149|714|385|1980|373|1045|594|1127|2520|754|721|1798|1078|809|1152|681|461|1234|510|333|456|331|442|511|969|220|515|185|227|789|211|276|151|236|207|238|427|151|138|99|130|78|136|116|304|93|54|75|141|163|36|57|63|145|26|31|74|37|74|67|17|57|96|51|36|11|14|31|57|17|30|26|31|45|37|20|22|10|38|14|18|32|15|7|9|15|8|16|22|15|24|3|6|4|8|2|5|17|8|15|9|2|7|8|5|4|7|4|9|3|2|2|10|5|7|2|1|8|0|3|3|2|3|5|4|3|4|2|1|1|3|4|2|0|1|5|1|2|3|2|0|0|0|1|0|0|0|2|0|4|4|0|0|0|0|3|0|0|0|0|1|0|0|6|0|0|1|1|0|0|0|1|2|0|0|0|1|0|0|0|1|1|0|0|0|0|0|0|1|0|0|0|0|1|0|0|1|0|0|0|1|0|0|0|0|2|0|0|0|0|0|0|0|0|0|0|0|0|0|0|0|0|0|0|0|0|0|0|1|0|0|0|0|0|0|0|0|0|0|0|0|0|0|0|0|0|0|0|0|0|0|0|0|0|1</HistCounts>
      </HistItem>
    </Histograms>
    <Metadata>
      <MDI key="BandName">Band_1</MDI>
      <MDI key="RepresentationType">ATHEMATIC</MDI>
      <MDI key="STATISTICS_COVARIANCES">1628697747.655518</MDI>
      <MDI key="STATISTICS_EXCLUDEDVALUES"></MDI>
      <MDI key="STATISTICS_MAXIMUM">558810.75</MDI>
      <MDI key="STATISTICS_MEAN">44963.464165761</MDI>
      <MDI key="STATISTICS_MINIMUM">0.41633233428001</MDI>
      <MDI key="STATISTICS_SKIPFACTORX">1</MDI>
      <MDI key="STATISTICS_SKIPFACTORY">1</MDI>
      <MDI key="STATISTICS_STDDEV">40357.127594212</MDI>
    </Metadata>
  </PAMRasterBand>
</PAMDataset>
