<PAMDataset>
  <Metadata>
    <MDI key="DataType">Generic</MDI>
  </Metadata>
  <PAMRasterBand band="1">
    <Description>Band_1</Description>
    <Histograms>
      <HistItem>
        <HistMin>0.2942011952400208</HistMin>
        <HistMax>394883.5625</HistMax>
        <BucketCount>256</BucketCount>
        <IncludeOutOfRange>1</IncludeOutOfRange>
        <Approximate>0</Approximate>
        <HistCounts>218|641|918|1308|1024|857|1638|889|697|2370|942|624|1783|1165|407|1383|559|427|1181|460|290|486|422|212|310|990|217|542|133|175|202|764|265|97|103|257|223|91|501|103|75|97|106|125|74|176|221|40|51|107|67|141|69|45|105|28|17|40|44|41|35|14|77|66|41|36|12|13|23|12|14|31|22|26|13|16|29|39|8|14|6|19|21|8|5|6|18|6|6|5|19|16|4|14|2|7|2|2|5|8|13|3|2|9|7|4|1|1|5|13|1|1|0|3|6|2|5|0|5|1|1|1|0|1|5|1|0|5|3|1|1|1|0|0|1|2|5|0|1|2|1|0|2|0|0|0|0|0|0|0|2|0|1|0|2|2|0|0|0|0|0|0|0|0|0|0|0|1|0|0|0|1|0|0|0|1|0|0|0|0|1|0|1|0|0|0|0|0|0|0|0|0|0|1|0|0|0|0|0|0|0|0|0|0|0|0|1|0|0|0|0|0|0|0|0|0|0|0|0|0|0|0|0|0|0|0|0|0|0|0|0|0|0|0|0|0|0|0|0|0|0|0|0|0|0|0|0|0|0|0|0|0|0|0|0|1</HistCounts>
      </HistItem>
    </Histograms>
    <Metadata>
      <MDI key="BandName">Band_1</MDI>
      <MDI key="RepresentationType">ATHEMATIC</MDI>
      <MDI key="STATISTICS_COVARIANCES">678459508.0466465</MDI>
      <MDI key="STATISTICS_EXCLUDEDVALUES"></MDI>
      <MDI key="STATISTICS_MAXIMUM">394883.5625</MDI>
      <MDI key="STATISTICS_MEAN">28622.180171865</MDI>
      <MDI key="STATISTICS_MINIMUM">0.29420119524002</MDI>
      <MDI key="STATISTICS_SKIPFACTORX">1</MDI>
      <MDI key="STATISTICS_SKIPFACTORY">1</MDI>
      <MDI key="STATISTICS_STDDEV">26047.255288161</MDI>
    </Metadata>
  </PAMRasterBand>
</PAMDataset>
