<?xml version="1.0" encoding="UTF-8"?>
<metadata xml:lang="en"><Esri><CreaDate>20210201</CreaDate><CreaTime>12362800</CreaTime><ArcGISFormat>1.0</ArcGISFormat><SyncOnce>TRUE</SyncOnce><DataProperties><lineage><Process ToolSource="c:\arcgis\desktop10.7\ArcToolbox\Toolboxes\Spatial Analyst Tools.tbx\RasterCalculator" Date="20210201" Time="123628">RasterCalculator Int("DRB1995.tif" + .5) F:\natsyn\DelawareRiverBasin\DRB2021\GIS\RoadSaltDRB\DRB1995int.tif</Process></lineage></DataProperties></Esri></metadata>
