<PAMDataset>
  <PAMRasterBand band="1">
    <Histograms>
      <HistItem>
        <HistMin>0</HistMin>
        <HistMax>581580</HistMax>
        <BucketCount>256</BucketCount>
        <IncludeOutOfRange>1</IncludeOutOfRange>
        <Approximate>0</Approximate>
        <HistCounts>220|644|454|1518|842|1029|1682|824|868|2212|959|1494|1027|1835|369|747|608|400|1222|436|359|504|1156|228|304|312|190|1096|146|166|222|187|310|438|108|242|215|105|173|76|244|150|63|118|89|271|57|32|71|63|67|54|62|48|144|33|46|39|37|28|33|13|26|39|61|25|14|34|23|14|12|27|19|20|14|23|20|20|14|19|8|20|27|7|3|6|13|10|6|4|15|15|0|2|4|3|9|2|5|5|15|7|3|1|2|9|1|7|6|7|1|4|3|1|5|0|1|2|2|4|2|3|1|2|1|1|2|0|3|1|0|0|0|0|4|2|0|3|0|0|0|0|0|0|0|0|0|0|0|2|1|1|0|1|0|0|0|1|0|0|0|0|0|0|0|0|0|0|2|0|0|0|0|0|0|0|0|0|0|1|0|0|1|0|0|0|0|0|0|0|0|0|0|0|0|0|0|0|0|0|0|0|0|0|0|0|0|0|0|0|0|0|0|0|0|0|0|0|0|0|0|0|0|0|0|0|0|0|0|0|0|0|0|0|0|0|0|0|0|0|0|0|0|0|0|0|0|0|0|0|0|0|0|0|0|1</HistCounts>
      </HistItem>
    </Histograms>
    <Metadata>
      <MDI key="RepresentationType">ATHEMATIC</MDI>
      <MDI key="STATISTICS_EXCLUDEDVALUES"></MDI>
      <MDI key="STATISTICS_MAXIMUM">581580</MDI>
      <MDI key="STATISTICS_MEAN">41104.621469325</MDI>
      <MDI key="STATISTICS_MINIMUM">0</MDI>
      <MDI key="STATISTICS_SKIPFACTORX">1</MDI>
      <MDI key="STATISTICS_SKIPFACTORY">1</MDI>
      <MDI key="STATISTICS_STDDEV">36465.64555526</MDI>
    </Metadata>
  </PAMRasterBand>
</PAMDataset>
