<PAMDataset>
  <PAMRasterBand band="1">
    <Histograms>
      <HistItem>
        <HistMin>0</HistMin>
        <HistMax>290707</HistMax>
        <BucketCount>256</BucketCount>
        <IncludeOutOfRange>1</IncludeOutOfRange>
        <Approximate>0</Approximate>
        <HistCounts>1990|2080|1464|1634|1343|790|2552|496|795|1148|1240|418|643|1556|412|243|1343|334|306|1066|645|140|242|189|279|101|239|286|142|67|185|66|883|120|148|53|34|110|630|50|62|102|26|49|62|38|25|52|426|23|20|29|16|23|45|11|23|213|20|14|16|43|15|9|135|16|6|17|23|1|2|8|12|5|6|20|6|52|11|13|42|4|8|3|0|4|4|0|1|10|1|5|1|2|6|3|38|0|0|1|0|1|3|2|0|1|0|2|1|0|0|3|12|1|3|15|1|0|0|1|0|0|1|1|1|0|1|1|7|0|2|0|0|0|1|0|0|1|0|2|2|0|0|2|5|0|0|1|0|0|0|0|0|0|4|0|0|0|1|3|2|0|0|0|0|0|0|1|2|0|0|0|1|3|0|1|2|0|0|0|0|0|0|0|0|0|0|0|0|0|0|1|4|0|0|0|0|0|0|0|0|0|0|0|0|0|0|0|0|0|0|0|0|0|0|0|0|0|0|0|1|0|0|0|1|0|0|0|0|0|0|1|0|0|0|0|0|0|0|1|0|0|0|0|0|0|0|0|0|0|0|0|0|0|0|1</HistCounts>
      </HistItem>
    </Histograms>
    <Metadata>
      <MDI key="RepresentationType">ATHEMATIC</MDI>
      <MDI key="STATISTICS_EXCLUDEDVALUES"></MDI>
      <MDI key="STATISTICS_MAXIMUM">290707</MDI>
      <MDI key="STATISTICS_MEAN">17014.809889413</MDI>
      <MDI key="STATISTICS_MINIMUM">0</MDI>
      <MDI key="STATISTICS_SKIPFACTORX">1</MDI>
      <MDI key="STATISTICS_SKIPFACTORY">1</MDI>
      <MDI key="STATISTICS_STDDEV">19083.213603713</MDI>
    </Metadata>
  </PAMRasterBand>
</PAMDataset>
