<PAMDataset>
  <PAMRasterBand band="1">
    <Histograms>
      <HistItem>
        <HistMin>0</HistMin>
        <HistMax>286825</HistMax>
        <BucketCount>256</BucketCount>
        <IncludeOutOfRange>1</IncludeOutOfRange>
        <Approximate>0</Approximate>
        <HistCounts>922|817|789|1761|996|800|2570|1237|1058|1134|1456|599|750|1375|604|377|1491|383|473|1040|595|265|297|217|360|245|236|250|136|223|155|127|862|181|158|105|103|103|629|133|57|112|64|97|56|55|51|87|411|29|70|28|32|39|67|35|27|193|55|25|37|33|39|10|122|33|13|11|15|13|7|8|30|11|10|23|10|44|19|18|32|6|9|3|11|2|8|4|5|11|6|7|5|5|5|3|28|2|1|1|3|3|6|3|1|2|1|3|3|0|2|2|9|5|5|11|1|0|1|2|6|0|0|2|0|1|4|1|5|0|1|0|0|1|1|1|1|2|0|0|1|1|1|2|4|1|0|1|0|0|0|2|1|0|2|1|0|1|1|2|1|0|0|1|0|0|0|1|3|0|0|1|0|2|0|1|2|0|0|0|0|0|0|0|0|0|0|0|0|0|0|2|3|0|0|0|0|0|0|0|0|0|0|0|0|0|0|0|0|0|0|0|0|1|0|0|0|0|1|0|0|0|0|0|1|0|0|0|0|0|0|0|0|0|0|0|0|0|0|1|0|0|0|0|0|0|0|0|0|0|0|0|0|0|0|1</HistCounts>
      </HistItem>
    </Histograms>
    <Metadata>
      <MDI key="RepresentationType">ATHEMATIC</MDI>
      <MDI key="STATISTICS_EXCLUDEDVALUES"></MDI>
      <MDI key="STATISTICS_MAXIMUM">286825</MDI>
      <MDI key="STATISTICS_MEAN">19364.471015003</MDI>
      <MDI key="STATISTICS_MINIMUM">0</MDI>
      <MDI key="STATISTICS_SKIPFACTORX">1</MDI>
      <MDI key="STATISTICS_SKIPFACTORY">1</MDI>
      <MDI key="STATISTICS_STDDEV">19477.870573995</MDI>
    </Metadata>
  </PAMRasterBand>
</PAMDataset>
