<PAMDataset>
  <Metadata>
    <MDI key="DataType">Generic</MDI>
  </Metadata>
  <PAMRasterBand band="1">
    <Description>Band_1</Description>
    <Histograms>
      <HistItem>
        <HistMin>0.4332963228225708</HistMin>
        <HistMax>581580.1875</HistMax>
        <BucketCount>256</BucketCount>
        <IncludeOutOfRange>1</IncludeOutOfRange>
        <Approximate>0</Approximate>
        <HistCounts>220|644|459|1523|840|1029|1689|855|839|2211|973|1499|1018|1826|378|758|589|414|1208|442|361|527|1114|240|300|318|771|506|171|149|219|233|259|442|108|237|213|104|176|75|250|141|78|112|190|160|55|34|73|66|63|56|62|83|112|28|43|47|33|26|28|16|42|57|28|23|12|37|21|14|15|26|17|24|11|22|22|19|14|19|18|15|20|8|2|8|18|3|6|9|11|13|1|2|5|7|3|4|4|5|19|4|2|1|7|4|2|8|3|7|2|3|3|3|3|0|1|4|4|1|1|3|1|2|2|1|1|3|1|0|0|0|0|4|2|0|3|0|0|0|0|0|0|0|0|0|0|0|1|1|2|0|1|0|0|0|1|0|0|0|0|0|0|0|0|0|0|2|0|0|0|0|0|0|0|0|0|0|1|0|0|0|1|0|0|0|0|0|0|0|0|0|0|0|0|0|0|0|0|0|0|0|0|0|0|0|0|0|0|0|0|0|0|0|0|0|0|0|0|0|0|0|0|0|0|0|0|0|0|0|0|0|0|0|0|0|0|0|0|0|0|0|0|0|0|0|0|0|0|0|0|0|0|0|0|1</HistCounts>
      </HistItem>
    </Histograms>
    <Metadata>
      <MDI key="BandName">Band_1</MDI>
      <MDI key="RepresentationType">ATHEMATIC</MDI>
      <MDI key="STATISTICS_COVARIANCES">1329742371.595283</MDI>
      <MDI key="STATISTICS_EXCLUDEDVALUES"></MDI>
      <MDI key="STATISTICS_MAXIMUM">581580.1875</MDI>
      <MDI key="STATISTICS_MEAN">41104.611366717</MDI>
      <MDI key="STATISTICS_MINIMUM">0.43329632282257</MDI>
      <MDI key="STATISTICS_SKIPFACTORX">1</MDI>
      <MDI key="STATISTICS_SKIPFACTORY">1</MDI>
      <MDI key="STATISTICS_STDDEV">36465.632746399</MDI>
    </Metadata>
  </PAMRasterBand>
</PAMDataset>
