<PAMDataset>
  <PAMRasterBand band="1">
    <Histograms>
      <HistItem>
        <HistMin>0</HistMin>
        <HistMax>399872</HistMax>
        <BucketCount>256</BucketCount>
        <IncludeOutOfRange>1</IncludeOutOfRange>
        <Approximate>0</Approximate>
        <HistCounts>205|587|311|911|1453|661|796|983|1379|1988|810|712|960|1422|1354|457|474|1385|1128|494|435|510|417|249|319|294|291|552|888|215|240|249|257|110|679|249|240|96|156|116|125|145|404|124|148|120|69|49|73|117|68|212|81|81|104|35|26|161|65|45|34|18|67|40|55|31|23|48|60|29|19|69|29|22|24|25|19|23|9|23|19|21|29|8|7|26|10|11|8|18|11|17|2|8|4|7|11|4|6|13|19|5|15|3|9|8|7|1|4|9|1|5|3|2|12|1|2|1|2|7|5|3|0|1|2|4|3|2|7|0|2|0|0|0|2|3|2|4|0|0|2|5|1|0|1|1|0|0|7|2|1|1|1|2|0|1|4|0|0|0|0|0|0|1|0|0|0|0|1|2|0|2|0|0|0|1|0|0|1|0|0|0|1|0|0|0|2|0|0|1|0|0|0|1|0|0|0|0|0|1|0|0|0|0|0|0|0|1|0|0|0|0|1|0|0|0|0|0|0|0|0|0|0|0|0|0|0|1|0|0|0|0|0|0|0|0|0|0|0|0|0|0|0|0|0|0|0|0|0|0|0|0|0|0|0|1</HistCounts>
      </HistItem>
    </Histograms>
    <Metadata>
      <MDI key="RepresentationType">ATHEMATIC</MDI>
      <MDI key="STATISTICS_EXCLUDEDVALUES"></MDI>
      <MDI key="STATISTICS_MAXIMUM">399872</MDI>
      <MDI key="STATISTICS_MEAN">32091.609635839</MDI>
      <MDI key="STATISTICS_MINIMUM">0</MDI>
      <MDI key="STATISTICS_SKIPFACTORX">1</MDI>
      <MDI key="STATISTICS_SKIPFACTORY">1</MDI>
      <MDI key="STATISTICS_STDDEV">28867.22130745</MDI>
    </Metadata>
  </PAMRasterBand>
</PAMDataset>
