<PAMDataset>
  <PAMRasterBand band="1">
    <Histograms>
      <HistItem>
        <HistMin>1</HistMin>
        <HistMax>419895</HistMax>
        <BucketCount>256</BucketCount>
        <IncludeOutOfRange>1</IncludeOutOfRange>
        <Approximate>0</Approximate>
        <HistCounts>2077|2282|1721|1035|1387|507|776|563|670|1982|473|400|1654|1215|172|992|438|452|1284|321|153|398|354|155|256|1009|199|568|83|113|760|220|168|82|96|217|271|42|492|48|77|111|55|109|83|345|56|21|32|72|190|31|45|50|110|11|13|40|20|35|78|13|33|123|5|25|3|18|24|9|8|22|19|27|10|16|53|16|5|8|7|18|21|5|2|7|14|6|16|7|9|32|1|0|1|12|0|3|3|4|17|8|1|2|2|9|1|0|3|7|5|1|0|3|9|1|1|0|4|1|0|6|0|0|0|4|5|0|3|0|0|0|1|2|0|0|2|5|1|2|0|0|0|0|0|0|0|0|0|0|1|1|3|0|0|1|0|0|0|0|0|0|0|0|0|0|0|0|0|0|0|0|0|2|0|0|0|1|0|0|0|0|2|0|0|0|0|0|0|1|0|0|0|0|0|0|0|0|0|0|0|0|1|0|0|0|0|0|0|0|0|0|0|0|0|0|0|0|0|0|0|0|0|0|0|0|0|0|0|0|0|0|0|0|0|0|0|0|0|0|0|0|0|0|0|0|0|0|0|0|0|0|0|0|0|1</HistCounts>
      </HistItem>
    </Histograms>
    <Metadata>
      <MDI key="RepresentationType">ATHEMATIC</MDI>
      <MDI key="STATISTICS_EXCLUDEDVALUES"></MDI>
      <MDI key="STATISTICS_MAXIMUM">419895</MDI>
      <MDI key="STATISTICS_MEAN">26808.780517011</MDI>
      <MDI key="STATISTICS_MINIMUM">1</MDI>
      <MDI key="STATISTICS_SKIPFACTORX">1</MDI>
      <MDI key="STATISTICS_SKIPFACTORY">1</MDI>
      <MDI key="STATISTICS_STDDEV">28046.193991155</MDI>
    </Metadata>
  </PAMRasterBand>
</PAMDataset>
