<PAMDataset>
  <PAMRasterBand band="1">
    <Histograms>
      <HistItem>
        <HistMin>0</HistMin>
        <HistMax>558810</HistMax>
        <BucketCount>256</BucketCount>
        <IncludeOutOfRange>1</IncludeOutOfRange>
        <Approximate>0</Approximate>
        <HistCounts>202|149|712|378|1983|371|1042|556|1160|2522|747|709|1805|1080|820|1138|690|448|1244|512|327|461|341|423|524|968|206|531|186|217|796|172|281|178|244|208|244|81|490|137|93|145|76|129|126|303|92|49|69|150|165|36|53|62|151|27|29|77|36|72|39|51|38|75|90|28|22|11|29|59|15|32|27|23|51|18|41|23|9|33|12|20|37|13|9|9|11|11|10|27|16|27|3|3|6|3|8|6|5|18|15|10|3|2|6|11|3|5|7|9|2|3|2|4|11|8|2|0|4|5|2|2|4|0|5|4|4|3|4|1|1|2|3|4|1|1|0|6|1|4|2|0|0|0|0|1|0|0|1|1|2|4|2|0|0|0|1|2|0|0|0|0|1|0|0|6|0|0|2|0|0|0|1|2|0|0|0|0|1|0|0|0|2|0|0|0|0|0|0|1|0|0|0|0|0|1|0|0|1|0|0|0|1|0|0|0|2|0|0|0|0|0|0|0|0|0|0|0|0|0|0|0|0|0|0|0|0|0|0|0|1|0|0|0|0|0|0|0|0|0|0|0|0|0|0|0|0|0|0|0|0|0|0|0|0|1</HistCounts>
      </HistItem>
    </Histograms>
    <Metadata>
      <MDI key="RepresentationType">ATHEMATIC</MDI>
      <MDI key="STATISTICS_EXCLUDEDVALUES"></MDI>
      <MDI key="STATISTICS_MAXIMUM">558810</MDI>
      <MDI key="STATISTICS_MEAN">44962.987708671</MDI>
      <MDI key="STATISTICS_MINIMUM">0</MDI>
      <MDI key="STATISTICS_SKIPFACTORX">1</MDI>
      <MDI key="STATISTICS_SKIPFACTORY">1</MDI>
      <MDI key="STATISTICS_STDDEV">40357.14243285</MDI>
    </Metadata>
  </PAMRasterBand>
</PAMDataset>
