<PAMDataset>
  <PAMRasterBand band="1">
    <Histograms>
      <HistItem>
        <HistMin>1</HistMin>
        <HistMax>379292</HistMax>
        <BucketCount>256</BucketCount>
        <IncludeOutOfRange>1</IncludeOutOfRange>
        <Approximate>0</Approximate>
        <HistCounts>1255|508|503|1660|331|907|658|2856|471|649|1049|2037|222|427|661|1581|1491|448|245|1344|246|382|389|777|313|134|219|288|276|129|205|439|877|166|119|220|60|86|786|202|63|75|100|113|56|108|70|121|398|72|41|41|84|19|45|80|40|221|39|43|20|20|32|57|141|16|27|30|8|13|24|37|9|16|8|19|12|57|21|25|48|3|10|16|2|2|6|20|2|9|5|13|3|7|10|9|37|1|3|8|2|1|2|4|1|4|1|3|2|2|1|10|12|0|4|15|1|5|1|4|0|0|1|3|1|0|1|1|7|1|1|1|0|0|1|1|0|0|0|3|3|0|0|2|5|0|2|1|0|0|0|1|0|0|4|0|0|0|2|3|2|0|0|0|1|0|0|1|2|0|0|0|1|3|0|1|2|0|0|0|0|0|0|0|0|0|0|0|0|0|0|1|3|0|0|0|0|0|0|0|0|0|0|0|0|0|0|0|0|0|0|0|0|0|0|0|0|0|0|0|1|0|0|1|1|0|0|0|0|0|0|1|0|0|0|0|0|0|0|1|0|0|0|0|0|0|0|0|0|0|0|0|0|0|0|1</HistCounts>
      </HistItem>
    </Histograms>
    <Metadata>
      <MDI key="RepresentationType">ATHEMATIC</MDI>
      <MDI key="STATISTICS_EXCLUDEDVALUES"></MDI>
      <MDI key="STATISTICS_MAXIMUM">379292</MDI>
      <MDI key="STATISTICS_MEAN">28587.493343664</MDI>
      <MDI key="STATISTICS_MINIMUM">1</MDI>
      <MDI key="STATISTICS_SKIPFACTORX">1</MDI>
      <MDI key="STATISTICS_SKIPFACTORY">1</MDI>
      <MDI key="STATISTICS_STDDEV">26897.918850368</MDI>
    </Metadata>
  </PAMRasterBand>
</PAMDataset>
