<PAMDataset>
  <Metadata>
    <MDI key="DataType">Generic</MDI>
  </Metadata>
  <PAMRasterBand band="1">
    <Description>Band_1</Description>
    <Histograms>
      <HistItem>
        <HistMin>0.871953010559082</HistMin>
        <HistMax>427291.90625</HistMax>
        <BucketCount>256</BucketCount>
        <IncludeOutOfRange>1</IncludeOutOfRange>
        <Approximate>0</Approximate>
        <HistCounts>2967|2744|1424|890|961|467|750|568|522|1882|1285|368|1556|1195|208|259|407|422|1276|325|934|413|336|145|236|843|192|557|101|138|169|585|165|70|107|194|265|232|124|61|154|164|55|115|81|143|50|22|27|73|106|53|67|49|104|9|10|36|27|32|27|16|68|67|6|22|9|18|23|7|10|19|38|16|8|26|21|14|5|9|8|33|7|9|3|5|15|4|3|7|7|19|1|2|6|11|2|0|3|5|17|1|2|2|13|2|0|1|2|10|1|1|1|6|4|2|0|0|4|1|0|2|0|0|2|4|1|3|0|0|0|0|0|0|0|0|3|0|0|0|0|0|0|1|0|0|1|0|0|0|2|0|0|0|1|0|1|0|0|0|0|0|0|0|0|0|1|0|0|0|0|0|0|1|0|0|0|0|0|0|0|1|0|0|0|0|0|0|0|0|0|0|0|0|0|0|0|0|0|0|0|0|0|0|0|0|0|0|0|0|0|0|0|0|0|0|0|0|0|0|0|0|0|0|0|0|0|0|0|0|0|0|0|0|0|0|0|0|0|0|0|0|0|0|0|0|0|0|0|0|0|0|0|0|0|1</HistCounts>
      </HistItem>
    </Histograms>
    <Metadata>
      <MDI key="BandName">Band_1</MDI>
      <MDI key="RepresentationType">ATHEMATIC</MDI>
      <MDI key="STATISTICS_COVARIANCES">739043760.4326545</MDI>
      <MDI key="STATISTICS_EXCLUDEDVALUES"></MDI>
      <MDI key="STATISTICS_MAXIMUM">427291.90625</MDI>
      <MDI key="STATISTICS_MEAN">25631.295634409</MDI>
      <MDI key="STATISTICS_MINIMUM">0.87195301055908</MDI>
      <MDI key="STATISTICS_SKIPFACTORX">1</MDI>
      <MDI key="STATISTICS_SKIPFACTORY">1</MDI>
      <MDI key="STATISTICS_STDDEV">27185.35930299</MDI>
    </Metadata>
  </PAMRasterBand>
</PAMDataset>
