<PAMDataset>
  <PAMRasterBand band="1">
    <Histograms>
      <HistItem>
        <HistMin>1283</HistMin>
        <HistMax>682315</HistMax>
        <BucketCount>256</BucketCount>
        <IncludeOutOfRange>1</IncludeOutOfRange>
        <Approximate>0</Approximate>
        <HistCounts>1158|1210|1653|392|1881|973|314|758|2434|202|1650|1|1414|2173|101|231|131|2203|637|0|89|1162|716|63|109|307|1746|0|25|106|28|554|560|15|8|88|547|186|12|211|236|0|10|66|268|326|44|4|24|94|49|21|6|55|231|77|0|43|1|63|0|7|16|133|0|21|57|0|36|2|13|0|73|2|1|0|33|36|0|25|0|58|7|0|1|2|13|5|10|5|1|36|0|3|0|12|0|0|3|10|21|1|3|0|8|0|5|0|4|9|0|7|0|0|5|0|2|0|5|4|2|2|4|1|0|0|0|6|0|0|0|0|0|4|0|0|3|0|0|0|0|0|0|0|0|0|1|0|0|0|1|0|0|0|0|3|0|0|0|0|1|0|0|0|0|0|1|0|0|0|0|0|0|1|0|0|0|1|0|0|0|0|1|0|0|0|0|0|0|0|0|0|0|0|0|0|0|0|0|0|0|0|0|0|0|0|0|0|0|0|0|0|0|0|0|0|0|0|0|0|0|0|0|0|0|0|0|0|0|0|0|0|0|0|0|0|0|0|0|0|0|0|0|0|0|0|0|0|0|0|0|0|0|0|0|1</HistCounts>
      </HistItem>
    </Histograms>
    <Metadata>
      <MDI key="RepresentationType">ATHEMATIC</MDI>
      <MDI key="STATISTICS_EXCLUDEDVALUES"></MDI>
      <MDI key="STATISTICS_MAXIMUM">682315</MDI>
      <MDI key="STATISTICS_MEAN">47461.524300909</MDI>
      <MDI key="STATISTICS_MINIMUM">1283</MDI>
      <MDI key="STATISTICS_SKIPFACTORX">1</MDI>
      <MDI key="STATISTICS_SKIPFACTORY">1</MDI>
      <MDI key="STATISTICS_STDDEV">43675.081911159</MDI>
    </Metadata>
  </PAMRasterBand>
</PAMDataset>
