<PAMDataset>
  <Metadata>
    <MDI key="DataType">Generic</MDI>
  </Metadata>
  <PAMRasterBand band="1">
    <Description>Band_1</Description>
    <Histograms>
      <HistItem>
        <HistMin>8498.474609375</HistMin>
        <HistMax>888395.1875</HistMax>
        <BucketCount>256</BucketCount>
        <IncludeOutOfRange>1</IncludeOutOfRange>
        <Approximate>0</Approximate>
        <HistCounts>468|665|75|1891|130|2425|1432|243|2025|2512|287|120|133|2101|1278|1272|32|338|687|1107|335|0|1128|352|527|526|600|120|43|100|929|54|184|183|410|14|447|103|326|30|73|167|169|121|20|0|233|109|12|143|51|74|176|0|19|132|21|4|102|36|26|101|20|145|2|0|33|18|6|68|0|89|7|4|78|13|5|5|11|37|63|0|0|12|5|22|4|46|7|28|0|20|2|0|0|8|20|4|14|0|18|0|6|0|5|2|6|19|1|0|0|0|6|15|0|0|0|6|2|0|3|0|0|0|6|0|16|1|1|3|0|0|1|1|0|5|0|1|0|6|0|0|1|0|7|0|3|0|0|0|0|0|3|5|0|0|0|0|0|0|0|1|0|3|1|0|0|0|0|0|0|0|6|0|0|0|0|1|0|0|0|6|0|0|0|0|0|0|0|0|2|0|0|0|0|0|0|0|0|1|0|0|0|1|0|0|0|0|0|0|0|0|0|0|0|0|1|0|1|0|0|0|0|0|0|0|0|3|0|0|0|0|0|0|0|0|0|0|0|0|0|0|0|0|0|0|0|0|0|0|0|0|0|0|0|1</HistCounts>
      </HistItem>
    </Histograms>
    <Metadata>
      <MDI key="BandName">Band_1</MDI>
      <MDI key="RepresentationType">ATHEMATIC</MDI>
      <MDI key="STATISTICS_COVARIANCES">3997743930.247908</MDI>
      <MDI key="STATISTICS_EXCLUDEDVALUES"></MDI>
      <MDI key="STATISTICS_MAXIMUM">888395.1875</MDI>
      <MDI key="STATISTICS_MEAN">74155.808124694</MDI>
      <MDI key="STATISTICS_MINIMUM">8498.474609375</MDI>
      <MDI key="STATISTICS_SKIPFACTORX">1</MDI>
      <MDI key="STATISTICS_SKIPFACTORY">1</MDI>
      <MDI key="STATISTICS_STDDEV">63227.714890291</MDI>
    </Metadata>
  </PAMRasterBand>
</PAMDataset>
