<PAMDataset>
  <PAMRasterBand band="1">
    <Histograms>
      <HistItem>
        <HistMin>437</HistMin>
        <HistMax>608457</HistMax>
        <BucketCount>256</BucketCount>
        <IncludeOutOfRange>1</IncludeOutOfRange>
        <Approximate>0</Approximate>
        <HistCounts>1578|1592|1497|1132|1058|875|425|433|2931|204|1219|276|444|3022|71|144|208|63|2101|544|12|256|1560|48|109|281|611|1120|3|0|126|535|130|443|4|88|531|0|201|207|236|0|2|66|263|326|44|1|1|24|96|63|0|55|231|75|1|43|0|51|11|0|22|132|0|21|55|0|36|2|5|8|0|75|0|0|33|36|0|25|0|0|58|7|1|2|13|5|10|5|1|36|0|3|0|12|0|0|3|0|31|1|3|0|0|8|5|0|4|9|0|7|0|0|3|2|2|0|5|0|6|2|4|1|0|0|0|6|0|0|0|0|0|4|0|0|0|3|0|0|0|0|0|0|0|0|1|0|0|0|1|0|0|0|0|3|0|0|0|0|1|0|0|0|0|0|1|0|0|0|0|0|0|1|0|0|0|1|0|0|0|0|1|0|0|0|0|0|0|0|0|0|0|0|0|0|0|0|0|0|0|0|0|0|0|0|0|0|0|0|0|0|0|0|0|0|0|0|0|0|0|0|0|0|0|0|0|0|0|0|0|0|0|0|0|0|0|0|0|0|0|0|0|0|0|0|0|0|0|0|0|0|0|0|0|1</HistCounts>
      </HistItem>
    </Histograms>
    <Metadata>
      <MDI key="RepresentationType">ATHEMATIC</MDI>
      <MDI key="STATISTICS_EXCLUDEDVALUES"></MDI>
      <MDI key="STATISTICS_MAXIMUM">608457</MDI>
      <MDI key="STATISTICS_MEAN">40941.445763189</MDI>
      <MDI key="STATISTICS_MINIMUM">437</MDI>
      <MDI key="STATISTICS_SKIPFACTORX">1</MDI>
      <MDI key="STATISTICS_SKIPFACTORY">1</MDI>
      <MDI key="STATISTICS_STDDEV">39466.580640696</MDI>
    </Metadata>
  </PAMRasterBand>
</PAMDataset>
