<PAMDataset>
  <PAMRasterBand band="1">
    <Histograms>
      <HistItem>
        <HistMin>287</HistMin>
        <HistMax>312907</HistMax>
        <BucketCount>256</BucketCount>
        <IncludeOutOfRange>1</IncludeOutOfRange>
        <Approximate>0</Approximate>
        <HistCounts>2681|2795|1421|421|1265|465|530|223|2740|110|292|33|1345|2072|786|11|141|62|2577|6|7|233|689|0|965|291|0|1100|1|696|0|535|120|0|28|88|967|0|183|0|230|0|12|66|284|326|30|0|0|207|94|77|0|0|223|0|0|43|55|51|19|75|15|132|0|21|0|0|43|0|5|8|73|57|0|0|33|18|0|5|0|0|58|7|1|0|33|5|20|5|1|36|0|0|2|12|0|0|13|0|21|0|3|3|0|8|0|0|4|9|10|0|1|0|3|2|0|0|10|0|2|2|0|8|0|0|0|6|0|2|0|0|4|0|0|4|0|3|0|0|0|0|0|0|0|0|1|4|0|0|1|0|0|0|0|1|0|0|0|0|0|0|0|0|0|0|0|0|0|0|0|0|2|1|0|0|0|1|0|0|0|0|1|0|1|0|0|0|0|0|0|0|0|0|0|0|0|1|0|0|0|0|0|0|0|0|0|0|0|0|0|0|0|0|0|0|0|0|0|0|0|0|0|0|0|0|0|0|0|0|0|0|0|0|0|0|0|0|0|0|0|0|0|0|0|0|0|0|0|0|0|0|0|0|0|1</HistCounts>
      </HistItem>
    </Histograms>
    <Metadata>
      <MDI key="RepresentationType">ATHEMATIC</MDI>
      <MDI key="STATISTICS_EXCLUDEDVALUES"></MDI>
      <MDI key="STATISTICS_MAXIMUM">312907</MDI>
      <MDI key="STATISTICS_MEAN">20718.18292597</MDI>
      <MDI key="STATISTICS_MINIMUM">287</MDI>
      <MDI key="STATISTICS_SKIPFACTORX">1</MDI>
      <MDI key="STATISTICS_SKIPFACTORY">1</MDI>
      <MDI key="STATISTICS_STDDEV">21361.985583084</MDI>
    </Metadata>
  </PAMRasterBand>
</PAMDataset>
