<PAMDataset>
  <Metadata>
    <MDI key="DataType">Generic</MDI>
  </Metadata>
  <PAMRasterBand band="1">
    <Description>Band_1</Description>
    <Histograms>
      <HistItem>
        <HistMin>0.5971091985702515</HistMin>
        <HistMax>292607.4375</HistMax>
        <BucketCount>256</BucketCount>
        <IncludeOutOfRange>1</IncludeOutOfRange>
        <Approximate>0</Approximate>
        <HistCounts>608|1737|1758|781|1728|653|1010|694|677|2080|657|570|905|1309|290|1195|471|476|1322|1087|219|452|385|189|258|257|219|559|108|134|190|986|167|105|107|189|260|52|717|57|146|40|67|112|100|156|53|395|31|71|56|43|30|56|108|18|12|229|29|32|36|20|40|197|7|21|18|20|22|9|11|22|39|6|8|14|71|22|10|52|7|33|8|1|4|5|15|4|5|11|9|17|2|5|3|46|1|0|4|5|14|3|2|0|10|2|2|2|2|7|4|13|0|6|18|0|0|0|5|1|0|3|1|1|1|2|2|10|0|1|0|0|0|1|0|0|3|0|2|2|0|0|2|5|0|0|1|0|0|0|1|0|4|0|1|0|0|2|2|2|0|0|0|0|0|0|1|2|0|0|0|4|0|2|0|2|0|0|0|0|0|1|0|0|0|0|0|0|0|1|0|3|0|0|0|0|0|0|0|0|0|0|0|0|0|0|0|0|0|0|0|0|0|0|0|0|0|0|1|0|0|0|1|0|0|0|0|0|0|1|0|0|0|0|0|0|0|1|0|0|0|0|0|0|0|0|0|0|0|0|0|0|0|1|0|1</HistCounts>
      </HistItem>
    </Histograms>
    <Metadata>
      <MDI key="BandName">Band_1</MDI>
      <MDI key="RepresentationType">ATHEMATIC</MDI>
      <MDI key="STATISTICS_COVARIANCES">449289168.0523733</MDI>
      <MDI key="STATISTICS_EXCLUDEDVALUES"></MDI>
      <MDI key="STATISTICS_MAXIMUM">292607.4375</MDI>
      <MDI key="STATISTICS_MEAN">20999.105962249</MDI>
      <MDI key="STATISTICS_MINIMUM">0.59710919857025</MDI>
      <MDI key="STATISTICS_SKIPFACTORX">1</MDI>
      <MDI key="STATISTICS_SKIPFACTORY">1</MDI>
      <MDI key="STATISTICS_STDDEV">21196.442344233</MDI>
    </Metadata>
  </PAMRasterBand>
</PAMDataset>
