<PAMDataset>
  <PAMRasterBand band="1">
    <Histograms>
      <HistItem>
        <HistMin>1</HistMin>
        <HistMax>429326</HistMax>
        <BucketCount>256</BucketCount>
        <IncludeOutOfRange>1</IncludeOutOfRange>
        <Approximate>0</Approximate>
        <HistCounts>2314|2203|1765|1003|1144|581|770|505|644|1926|559|417|831|1229|1003|240|425|1172|1282|326|193|393|347|146|253|247|187|586|852|109|185|220|165|70|687|198|262|42|130|56|94|115|55|479|74|157|49|23|24|66|71|32|236|46|117|20|19|164|20|31|39|9|22|82|9|27|6|19|27|58|11|29|57|28|7|14|19|16|5|8|7|22|24|5|6|7|50|5|3|6|7|18|3|0|0|12|1|4|2|4|18|13|2|3|17|9|0|1|3|7|2|2|1|1|5|9|0|0|5|1|0|3|0|0|0|3|4|3|0|2|5|0|1|0|0|0|1|2|0|4|0|0|1|2|3|0|0|0|0|0|1|1|2|0|0|2|3|1|0|2|0|0|0|0|0|0|0|0|0|0|0|0|1|4|0|0|0|0|0|0|0|0|1|0|0|0|0|0|0|0|0|0|0|0|0|0|0|0|1|0|0|0|1|0|0|0|0|0|1|0|0|0|0|0|0|0|1|0|0|0|0|0|0|0|0|0|0|0|0|0|0|1|0|0|0|0|0|0|0|0|0|0|0|0|0|0|0|0|0|0|0|0|0|0|0|1</HistCounts>
      </HistItem>
    </Histograms>
    <Metadata>
      <MDI key="RepresentationType">ATHEMATIC</MDI>
      <MDI key="STATISTICS_EXCLUDEDVALUES"></MDI>
      <MDI key="STATISTICS_MAXIMUM">429326</MDI>
      <MDI key="STATISTICS_MEAN">28432.58533493</MDI>
      <MDI key="STATISTICS_MINIMUM">1</MDI>
      <MDI key="STATISTICS_SKIPFACTORX">1</MDI>
      <MDI key="STATISTICS_SKIPFACTORY">1</MDI>
      <MDI key="STATISTICS_STDDEV">30308.970068665</MDI>
    </Metadata>
  </PAMRasterBand>
</PAMDataset>
