<?xml version="1.0" encoding="UTF-8"?>
<metadata xml:lang="en"><Esri><CreaDate>20210210</CreaDate><CreaTime>12070700</CreaTime><ArcGISFormat>1.0</ArcGISFormat><SyncOnce>TRUE</SyncOnce><DataProperties><lineage><Process ToolSource="c:\arcgis\desktop10.7\ArcToolbox\Toolboxes\Spatial Analyst Tools.tbx\Combine" Date="20210210" Time="120707">Combine F:\natsyn\DelawareRiverBasin\DRB2021\GIS\BaseCovers\DRB_NWALT1K_2002.tif;F:\natsyn\DelawareRiverBasin\DRB2021\GIS\RoadSaltDRB\DRB2003int.tif F:\natsyn\DelawareRiverBasin\DRB2021\GIS\RoadSaltDRB\Combine_DRB_NWA1.tif</Process><Process ToolSource="c:\arcgis\desktop10.7\ArcToolbox\Toolboxes\Data Management Tools.tbx\Rename" Date="20210210" Time="120707">Rename outcombine.tif F:\natsyn\DelawareRiverBasin\DRB2021\GIS\RoadSaltDRB\DRB2003LU02.tif RasterDataset</Process></lineage></DataProperties></Esri></metadata>
