<PAMDataset>
  <Metadata>
    <MDI key="DataType">Generic</MDI>
  </Metadata>
  <PAMRasterBand band="1">
    <Description>Band_1</Description>
    <Histograms>
      <HistItem>
        <HistMin>1.106545090675354</HistMin>
        <HistMax>542251.4375</HistMax>
        <BucketCount>256</BucketCount>
        <IncludeOutOfRange>1</IncludeOutOfRange>
        <Approximate>0</Approximate>
        <HistCounts>1515|1488|944|1266|1384|606|938|958|520|2897|782|1144|966|1345|242|392|461|497|1390|1092|253|460|347|792|260|296|216|583|113|497|173|226|182|86|297|203|274|58|254|56|152|40|56|116|86|146|101|28|69|74|54|49|26|51|108|12|16|37|57|28|27|14|32|68|8|23|8|32|25|22|7|19|37|4|8|11|23|20|6|9|6|33|6|2|6|4|17|8|4|7|6|16|5|0|1|13|5|0|3|5|13|4|2|0|13|3|2|1|2|7|1|1|0|3|3|1|3|0|4|1|0|2|0|0|1|1|1|3|0|0|0|0|1|0|0|1|3|0|0|1|0|0|0|0|1|0|0|0|0|0|1|0|0|0|2|0|0|0|0|0|0|0|0|0|0|0|0|0|0|0|0|0|0|1|0|0|0|0|0|0|0|1|0|0|0|0|0|0|0|0|0|0|0|0|0|0|0|0|0|0|0|0|0|0|0|0|0|0|0|0|0|0|0|0|0|0|0|0|0|0|0|0|0|0|0|0|0|0|0|0|0|0|0|0|0|0|0|0|0|0|0|0|0|0|0|0|0|0|0|0|0|0|0|0|0|1</HistCounts>
      </HistItem>
    </Histograms>
    <Metadata>
      <MDI key="BandName">Band_1</MDI>
      <MDI key="RepresentationType">ATHEMATIC</MDI>
      <MDI key="STATISTICS_COVARIANCES">1087919287.147844</MDI>
      <MDI key="STATISTICS_EXCLUDEDVALUES"></MDI>
      <MDI key="STATISTICS_MAXIMUM">542251.4375</MDI>
      <MDI key="STATISTICS_MEAN">34347.817908023</MDI>
      <MDI key="STATISTICS_MINIMUM">1.1065450906754</MDI>
      <MDI key="STATISTICS_SKIPFACTORX">1</MDI>
      <MDI key="STATISTICS_SKIPFACTORY">1</MDI>
      <MDI key="STATISTICS_STDDEV">32983.621498372</MDI>
    </Metadata>
  </PAMRasterBand>
</PAMDataset>
