<PAMDataset>
  <PAMRasterBand band="1">
    <Histograms>
      <HistItem>
        <HistMin>1</HistMin>
        <HistMax>632555</HistMax>
        <BucketCount>256</BucketCount>
        <IncludeOutOfRange>1</IncludeOutOfRange>
        <Approximate>0</Approximate>
        <HistCounts>2047|2311|1501|1291|1096|631|831|636|619|1924|548|1223|844|1976|172|287|437|428|1291|324|171|410|1104|160|243|253|777|570|88|120|189|228|171|443|91|197|270|44|128|237|83|115|61|109|203|156|58|16|23|66|65|32|95|51|115|51|11|34|19|32|28|13|26|81|10|25|38|17|24|9|8|18|16|28|6|14|21|28|7|22|5|18|22|4|4|5|14|7|10|7|6|17|2|0|0|14|2|1|4|9|15|2|1|1|2|13|0|0|4|10|3|1|0|1|4|4|0|0|8|1|1|4|0|0|0|2|1|3|0|0|0|1|3|0|0|0|1|2|0|0|0|0|0|0|0|0|0|0|0|0|2|0|0|0|1|1|0|0|1|0|0|0|0|0|1|0|0|0|0|0|0|0|0|1|0|1|0|0|0|0|0|0|1|0|0|0|0|0|0|0|0|0|0|0|0|0|0|0|0|0|0|0|0|0|0|0|0|0|0|0|0|0|0|0|0|0|0|0|0|0|0|0|0|0|0|0|0|0|0|0|0|0|0|0|0|0|0|0|0|0|0|0|0|0|0|0|0|0|0|0|0|0|0|0|0|1</HistCounts>
      </HistItem>
    </Histograms>
    <Metadata>
      <MDI key="RepresentationType">ATHEMATIC</MDI>
      <MDI key="STATISTICS_EXCLUDEDVALUES"></MDI>
      <MDI key="STATISTICS_MAXIMUM">632555</MDI>
      <MDI key="STATISTICS_MEAN">39071.353208424</MDI>
      <MDI key="STATISTICS_MINIMUM">1</MDI>
      <MDI key="STATISTICS_SKIPFACTORX">1</MDI>
      <MDI key="STATISTICS_SKIPFACTORY">1</MDI>
      <MDI key="STATISTICS_STDDEV">40306.801172808</MDI>
    </Metadata>
  </PAMRasterBand>
</PAMDataset>
