<PAMDataset>
  <PAMRasterBand band="1">
    <Histograms>
      <HistItem>
        <HistMin>1</HistMin>
        <HistMax>516794</HistMax>
        <BucketCount>256</BucketCount>
        <IncludeOutOfRange>1</IncludeOutOfRange>
        <Approximate>0</Approximate>
        <HistCounts>1369|1438|1703|1245|1192|564|1147|546|684|2168|561|498|886|2161|251|348|1178|484|1351|404|158|435|372|163|257|260|215|1349|86|134|172|234|168|670|94|207|272|55|138|54|87|484|51|106|81|161|55|23|32|61|256|32|55|51|119|141|9|36|28|32|29|12|27|84|6|27|53|22|34|50|8|20|15|27|6|14|19|21|5|11|6|23|23|39|2|4|15|6|5|6|6|18|1|3|0|12|3|13|5|4|30|1|1|2|2|9|2|1|3|8|2|8|0|2|4|1|1|0|4|1|2|4|0|0|2|7|1|4|0|0|0|0|0|4|0|0|1|5|3|0|0|0|0|0|0|3|0|0|0|1|4|1|2|0|0|1|0|0|0|0|0|0|0|0|0|1|3|0|0|0|0|0|0|1|0|0|0|0|0|0|0|0|1|0|0|0|0|0|0|0|1|0|0|0|1|0|0|0|0|0|1|0|0|0|0|0|0|1|0|0|0|0|0|0|0|0|0|0|0|0|0|1|0|0|0|0|0|0|0|0|0|0|0|0|0|0|0|0|0|0|0|0|0|0|0|0|0|0|0|0|0|0|0|0|0|1</HistCounts>
      </HistItem>
    </Histograms>
    <Metadata>
      <MDI key="RepresentationType">ATHEMATIC</MDI>
      <MDI key="STATISTICS_EXCLUDEDVALUES"></MDI>
      <MDI key="STATISTICS_MAXIMUM">516794</MDI>
      <MDI key="STATISTICS_MEAN">35197.959604142</MDI>
      <MDI key="STATISTICS_MINIMUM">1</MDI>
      <MDI key="STATISTICS_SKIPFACTORX">1</MDI>
      <MDI key="STATISTICS_SKIPFACTORY">1</MDI>
      <MDI key="STATISTICS_STDDEV">35197.107017739</MDI>
    </Metadata>
  </PAMRasterBand>
</PAMDataset>
