<PAMDataset>
  <PAMRasterBand band="1">
    <Histograms>
      <HistItem>
        <HistMin>519</HistMin>
        <HistMax>514585</HistMax>
        <BucketCount>256</BucketCount>
        <IncludeOutOfRange>1</IncludeOutOfRange>
        <Approximate>0</Approximate>
        <HistCounts>2254|733|1599|1188|1078|878|623|666|2502|204|452|176|1413|2228|821|31|208|118|2620|37|11|258|693|19|978|268|33|1119|0|707|0|545|127|0|3|117|533|440|190|0|232|0|1|79|78|532|32|0|2|24|320|20|14|0|224|0|0|43|0|51|66|8|90|132|0|21|0|0|36|0|12|8|73|2|0|55|33|16|0|7|0|0|58|7|1|0|13|25|0|5|21|36|0|0|0|12|2|0|3|0|31|0|3|0|8|3|0|0|4|9|0|0|0|10|4|2|0|0|5|0|7|2|0|1|0|7|0|6|0|0|0|0|2|0|0|4|0|3|4|0|0|0|0|0|0|0|1|0|0|0|5|0|0|0|0|1|0|0|0|0|0|0|0|0|0|0|0|0|0|0|0|0|0|1|0|0|2|0|0|0|0|1|1|0|0|0|0|0|1|0|0|0|0|0|0|0|0|0|0|0|0|1|0|0|0|0|0|0|0|0|0|0|0|0|0|0|0|0|0|0|0|0|0|0|0|0|0|0|0|0|0|0|0|0|0|0|0|0|0|0|0|0|0|0|0|0|0|0|0|0|0|0|0|0|0|1</HistCounts>
      </HistItem>
    </Histograms>
    <Metadata>
      <MDI key="RepresentationType">ATHEMATIC</MDI>
      <MDI key="STATISTICS_EXCLUDEDVALUES"></MDI>
      <MDI key="STATISTICS_MAXIMUM">514585</MDI>
      <MDI key="STATISTICS_MEAN">35625.124392477</MDI>
      <MDI key="STATISTICS_MINIMUM">519</MDI>
      <MDI key="STATISTICS_SKIPFACTORX">1</MDI>
      <MDI key="STATISTICS_SKIPFACTORY">1</MDI>
      <MDI key="STATISTICS_STDDEV">34670.578434989</MDI>
    </Metadata>
  </PAMRasterBand>
</PAMDataset>
