<PAMDataset>
  <Metadata>
    <MDI key="DataType">Generic</MDI>
  </Metadata>
  <PAMRasterBand band="1">
    <Description>Band_1</Description>
    <Histograms>
      <HistItem>
        <HistMin>0.8761039972305298</HistMin>
        <HistMax>429326.0625</HistMax>
        <BucketCount>256</BucketCount>
        <IncludeOutOfRange>1</IncludeOutOfRange>
        <Approximate>0</Approximate>
        <HistCounts>2314|2207|1763|1006|1147|579|768|513|642|1921|566|421|841|1205|1009|264|414|1171|1270|323|204|396|339|152|245|257|195|562|862|116|184|210|164|71|699|190|254|49|130|58|160|40|59|480|83|142|47|22|31|75|63|232|31|51|113|16|21|164|24|29|36|12|31|69|11|26|9|20|27|58|17|23|77|5|7|11|22|14|5|10|11|33|10|2|7|7|50|3|3|8|7|17|2|0|2|11|2|2|3|6|15|13|5|15|9|2|0|2|2|7|3|2|0|3|5|7|0|1|4|1|0|3|0|0|1|3|3|3|1|6|0|0|1|0|0|0|3|0|4|0|0|0|1|3|2|0|0|0|0|0|2|2|0|0|1|4|0|1|2|0|0|0|0|0|0|0|0|0|0|0|0|0|1|4|0|0|0|0|0|0|0|1|0|0|0|0|0|0|0|0|0|0|0|0|0|0|0|1|0|0|0|0|1|0|0|0|0|1|0|0|0|0|0|0|0|1|0|0|0|0|0|0|0|0|0|0|0|0|0|0|1|0|0|0|0|0|0|0|0|0|0|0|0|0|0|0|0|0|0|0|0|0|0|0|0|1</HistCounts>
      </HistItem>
    </Histograms>
    <Metadata>
      <MDI key="BandName">Band_1</MDI>
      <MDI key="RepresentationType">ATHEMATIC</MDI>
      <MDI key="STATISTICS_COVARIANCES">918634233.0381351</MDI>
      <MDI key="STATISTICS_EXCLUDEDVALUES"></MDI>
      <MDI key="STATISTICS_MAXIMUM">429326.0625</MDI>
      <MDI key="STATISTICS_MEAN">28432.58688045</MDI>
      <MDI key="STATISTICS_MINIMUM">0.87610399723053</MDI>
      <MDI key="STATISTICS_SKIPFACTORX">1</MDI>
      <MDI key="STATISTICS_SKIPFACTORY">1</MDI>
      <MDI key="STATISTICS_STDDEV">30308.979412678</MDI>
    </Metadata>
  </PAMRasterBand>
</PAMDataset>
