<PAMDataset>
  <Metadata>
    <MDI key="DataType">Generic</MDI>
  </Metadata>
  <PAMRasterBand band="1">
    <Description>Band_1</Description>
    <Histograms>
      <HistItem>
        <HistMin>1.290822625160217</HistMin>
        <HistMax>632554.75</HistMax>
        <BucketCount>256</BucketCount>
        <IncludeOutOfRange>1</IncludeOutOfRange>
        <Approximate>0</Approximate>
        <HistCounts>2047|2318|1502|1285|1100|633|832|645|612|1961|1343|400|853|1952|177|310|423|432|1273|325|181|1176|334|168|233|261|786|546|100|127|184|225|542|68|102|190|261|49|126|244|145|43|67|236|82|143|56|17|29|74|55|46|76|60|147|10|11|35|23|29|27|16|35|68|11|57|7|18|23|10|7|20|35|7|5|12|34|16|21|9|6|33|6|2|4|5|16|11|3|8|6|16|2|0|1|15|1|1|9|5|14|1|2|0|9|6|0|1|5|10|1|1|0|3|4|2|0|1|7|2|2|2|0|0|1|1|1|3|0|0|1|3|0|0|0|0|3|0|0|0|0|0|0|0|0|0|0|0|0|0|2|0|0|1|1|0|0|1|0|0|0|0|0|1|0|0|0|0|0|0|0|0|0|1|1|0|0|0|0|0|0|1|0|0|0|0|0|0|0|0|0|0|0|0|0|0|0|0|0|0|0|0|0|0|0|0|0|0|0|0|0|0|0|0|0|0|0|0|0|0|0|0|0|0|0|0|0|0|0|0|0|0|0|0|0|0|0|0|0|0|0|0|0|0|0|0|0|0|0|0|0|0|0|0|0|1</HistCounts>
      </HistItem>
    </Histograms>
    <Metadata>
      <MDI key="BandName">Band_1</MDI>
      <MDI key="RepresentationType">ATHEMATIC</MDI>
      <MDI key="STATISTICS_COVARIANCES">1624636205.095869</MDI>
      <MDI key="STATISTICS_EXCLUDEDVALUES"></MDI>
      <MDI key="STATISTICS_MAXIMUM">632554.75</MDI>
      <MDI key="STATISTICS_MEAN">39071.371653035</MDI>
      <MDI key="STATISTICS_MINIMUM">1.2908226251602</MDI>
      <MDI key="STATISTICS_SKIPFACTORX">1</MDI>
      <MDI key="STATISTICS_SKIPFACTORY">1</MDI>
      <MDI key="STATISTICS_STDDEV">40306.776168479</MDI>
    </Metadata>
  </PAMRasterBand>
</PAMDataset>
