<PAMDataset>
  <PAMRasterBand band="1">
    <Histograms>
      <HistItem>
        <HistMin>669</HistMin>
        <HistMax>625106</HistMax>
        <BucketCount>256</BucketCount>
        <IncludeOutOfRange>1</IncludeOutOfRange>
        <Approximate>0</Approximate>
        <HistCounts>2258|2044|1730|920|1045|463|740|407|2615|212|351|63|516|2954|33|19|915|6|2592|66|10|238|687|4|115|267|0|1102|855|117|1|536|122|609|0|88|528|0|183|28|230|0|440|66|78|326|30|0|0|36|343|20|0|0|223|0|183|43|0|65|11|0|15|132|0|21|0|55|36|8|80|8|73|2|0|0|33|16|0|12|0|0|58|7|56|0|13|5|0|7|1|36|0|0|0|12|0|0|3|20|21|20|3|0|8|0|0|0|6|9|0|0|0|10|3|2|0|0|8|0|2|2|0|1|0|0|0|16|1|0|0|0|0|0|0|5|0|3|0|0|0|7|0|0|0|0|1|0|2|0|1|0|4|0|0|5|0|0|0|0|0|0|0|0|0|0|0|0|0|4|0|0|0|1|0|0|0|0|0|0|0|0|1|0|0|0|0|0|0|0|0|0|0|0|0|0|0|0|2|0|0|0|0|1|0|0|0|0|0|0|0|0|1|0|0|0|0|0|0|0|0|0|0|0|0|0|1|0|0|0|0|0|0|0|0|0|0|0|0|0|0|0|0|0|0|0|0|0|0|0|0|0|0|0|0|1</HistCounts>
      </HistItem>
    </Histograms>
    <Metadata>
      <MDI key="RepresentationType">ATHEMATIC</MDI>
      <MDI key="STATISTICS_EXCLUDEDVALUES"></MDI>
      <MDI key="STATISTICS_MAXIMUM">625106</MDI>
      <MDI key="STATISTICS_MEAN">43499.766288653</MDI>
      <MDI key="STATISTICS_MINIMUM">669</MDI>
      <MDI key="STATISTICS_SKIPFACTORX">1</MDI>
      <MDI key="STATISTICS_SKIPFACTORY">1</MDI>
      <MDI key="STATISTICS_STDDEV">44668.381112164</MDI>
    </Metadata>
  </PAMRasterBand>
</PAMDataset>
