<PAMDataset>
  <Metadata>
    <MDI key="DataType">Generic</MDI>
  </Metadata>
  <PAMRasterBand band="1">
    <Description>Band_1</Description>
    <Histograms>
      <HistItem>
        <HistMin>518.6859741210938</HistMin>
        <HistMax>514585.125</HistMax>
        <BucketCount>256</BucketCount>
        <IncludeOutOfRange>1</IncludeOutOfRange>
        <Approximate>0</Approximate>
        <HistCounts>2254|733|1599|1188|1078|878|623|666|2502|204|452|176|1413|2228|821|31|208|2219|519|37|11|264|687|19|978|268|33|1119|5|702|7|538|127|0|31|89|533|441|189|0|232|0|1|79|284|326|32|0|26|277|43|20|14|0|224|0|0|43|51|66|0|8|90|132|0|21|0|0|36|5|15|0|73|2|0|55|33|16|2|5|0|58|7|0|1|0|13|25|0|6|56|0|0|0|0|12|2|0|3|0|31|3|0|0|8|3|0|0|4|9|0|0|10|4|2|0|0|0|5|0|9|0|1|0|0|7|0|6|0|0|0|2|0|0|0|4|3|4|0|0|0|0|0|0|0|1|0|0|0|0|5|0|0|0|1|0|0|0|0|0|0|0|0|0|0|0|0|0|0|0|0|0|1|0|0|2|0|0|0|0|1|0|1|0|0|0|0|1|0|0|0|0|0|0|0|0|0|0|0|0|1|0|0|0|0|0|0|0|0|0|0|0|0|0|0|0|0|0|0|0|0|0|0|0|0|0|0|0|0|0|0|0|0|0|0|0|0|0|0|0|0|0|0|0|0|0|0|0|0|0|0|0|0|0|0|1</HistCounts>
      </HistItem>
    </Histograms>
    <Metadata>
      <MDI key="BandName">Band_1</MDI>
      <MDI key="RepresentationType">ATHEMATIC</MDI>
      <MDI key="STATISTICS_COVARIANCES">1202049472.433944</MDI>
      <MDI key="STATISTICS_EXCLUDEDVALUES"></MDI>
      <MDI key="STATISTICS_MAXIMUM">514585.125</MDI>
      <MDI key="STATISTICS_MEAN">35625.222640659</MDI>
      <MDI key="STATISTICS_MINIMUM">518.68597412109</MDI>
      <MDI key="STATISTICS_SKIPFACTORX">1</MDI>
      <MDI key="STATISTICS_SKIPFACTORY">1</MDI>
      <MDI key="STATISTICS_STDDEV">34670.585118136</MDI>
    </Metadata>
  </PAMRasterBand>
</PAMDataset>
