<PAMDataset>
  <Metadata>
    <MDI key="DataType">Generic</MDI>
  </Metadata>
  <PAMRasterBand band="1">
    <Description>Band_1</Description>
    <Histograms>
      <HistItem>
        <HistMin>668.8319091796875</HistMin>
        <HistMax>625106.375</HistMax>
        <BucketCount>256</BucketCount>
        <IncludeOutOfRange>1</IncludeOutOfRange>
        <Approximate>0</Approximate>
        <HistCounts>2258|2044|1730|920|1045|598|605|407|2615|212|351|63|516|2954|33|19|917|2121|475|66|10|238|687|4|115|267|0|1956|2|116|1|536|122|609|0|88|528|0|183|28|230|0|440|66|78|326|30|0|24|106|249|20|0|0|223|0|183|43|51|25|0|0|15|132|0|21|0|55|44|5|83|0|73|2|0|0|33|16|7|5|0|58|7|0|56|0|13|5|2|6|36|0|0|0|0|12|0|0|23|0|21|23|0|0|8|0|0|0|6|9|0|0|10|3|2|0|0|0|8|0|4|0|1|0|0|0|10|6|1|0|0|0|0|0|0|5|3|0|0|0|0|7|0|0|0|1|0|0|2|0|1|0|4|0|1|4|0|0|0|0|0|0|0|0|0|0|0|0|0|4|0|0|1|0|0|0|0|0|0|0|0|0|1|0|0|0|0|0|0|0|0|0|0|0|0|0|0|2|0|0|0|0|0|1|0|0|0|0|0|0|0|1|0|0|0|0|0|0|0|0|0|0|0|0|0|1|0|0|0|0|0|0|0|0|0|0|0|0|0|0|0|0|0|0|0|0|0|0|0|0|0|0|0|0|0|1</HistCounts>
      </HistItem>
    </Histograms>
    <Metadata>
      <MDI key="BandName">Band_1</MDI>
      <MDI key="RepresentationType">ATHEMATIC</MDI>
      <MDI key="STATISTICS_COVARIANCES">1995261889.446627</MDI>
      <MDI key="STATISTICS_EXCLUDEDVALUES"></MDI>
      <MDI key="STATISTICS_MAXIMUM">625106.375</MDI>
      <MDI key="STATISTICS_MEAN">43499.786987825</MDI>
      <MDI key="STATISTICS_MINIMUM">668.83190917969</MDI>
      <MDI key="STATISTICS_SKIPFACTORX">1</MDI>
      <MDI key="STATISTICS_SKIPFACTORY">1</MDI>
      <MDI key="STATISTICS_STDDEV">44668.354451968</MDI>
    </Metadata>
  </PAMRasterBand>
</PAMDataset>
