<PAMDataset>
  <Metadata>
    <MDI key="DataType">Generic</MDI>
  </Metadata>
  <PAMRasterBand band="1">
    <Description>Band_1</Description>
    <Histograms>
      <HistItem>
        <HistMin>409.4889221191406</HistMin>
        <HistMax>559100.625</HistMax>
        <BucketCount>256</BucketCount>
        <IncludeOutOfRange>1</IncludeOutOfRange>
        <Approximate>0</Approximate>
        <HistCounts>2482|1766|1111|829|1466|78|775|381|2837|209|419|1062|515|2153|840|63|233|37|2598|19|19|246|695|20|966|294|6|1110|612|91|3|536|126|29|6|90|967|1|184|0|231|1|14|272|78|326|30|0|184|118|57|20|0|0|223|0|0|43|55|70|75|0|15|132|0|21|0|7|36|5|8|0|128|2|0|0|35|16|0|5|0|58|7|0|21|0|13|25|0|5|37|0|0|2|0|12|10|0|3|0|21|6|0|0|8|0|0|0|4|19|1|0|0|3|2|0|5|0|5|0|2|9|1|0|0|0|0|8|0|0|4|0|0|4|0|0|3|0|0|0|0|0|0|0|0|5|0|0|0|0|1|0|0|0|1|0|0|0|0|0|0|0|0|0|0|0|0|0|0|2|0|0|1|0|1|0|0|0|0|0|0|1|1|0|0|0|0|0|0|0|0|0|0|0|1|0|0|0|0|0|0|0|0|0|0|0|0|0|0|0|0|0|0|0|0|0|0|0|0|0|0|0|0|0|0|0|0|0|0|0|0|0|0|0|0|0|0|0|0|0|0|0|0|0|0|0|0|0|0|0|0|0|0|0|0|1</HistCounts>
      </HistItem>
    </Histograms>
    <Metadata>
      <MDI key="BandName">Band_1</MDI>
      <MDI key="RepresentationType">ATHEMATIC</MDI>
      <MDI key="STATISTICS_COVARIANCES">1402447909.506459</MDI>
      <MDI key="STATISTICS_EXCLUDEDVALUES"></MDI>
      <MDI key="STATISTICS_MAXIMUM">559100.625</MDI>
      <MDI key="STATISTICS_MEAN">37981.788353445</MDI>
      <MDI key="STATISTICS_MINIMUM">409.48892211914</MDI>
      <MDI key="STATISTICS_SKIPFACTORX">1</MDI>
      <MDI key="STATISTICS_SKIPFACTORY">1</MDI>
      <MDI key="STATISTICS_STDDEV">37449.271147867</MDI>
    </Metadata>
  </PAMRasterBand>
</PAMDataset>
