<PAMDataset>
  <PAMRasterBand band="1">
    <Histograms>
      <HistItem>
        <HistMin>1</HistMin>
        <HistMax>567401</HistMax>
        <BucketCount>256</BucketCount>
        <IncludeOutOfRange>1</IncludeOutOfRange>
        <Approximate>0</Approximate>
        <HistCounts>2306|2302|1571|1129|1054|589|791|618|619|1963|1328|395|849|1973|169|294|427|430|1290|323|171|1170|343|163|240|253|777|570|89|121|185|232|544|66|91|197|270|46|126|239|81|116|62|235|75|156|58|17|24|65|64|33|94|53|154|11|10|34|19|32|28|14|26|81|9|60|3|17|24|10|7|18|16|29|5|15|31|17|7|22|5|19|21|4|4|5|15|13|3|7|6|17|2|0|0|14|2|1|9|4|16|1|1|1|2|13|0|0|5|11|1|1|0|1|5|3|0|0|8|2|2|2|0|0|0|2|1|3|0|0|1|3|0|0|0|0|1|2|0|0|0|0|0|0|0|0|0|0|0|0|2|0|0|1|0|1|0|0|1|0|0|0|0|0|1|0|0|0|0|0|0|0|0|1|0|1|0|0|0|0|0|0|1|0|0|0|0|0|0|0|0|0|0|0|0|0|0|0|0|0|0|0|0|0|0|0|0|0|0|0|0|0|0|0|0|0|0|0|0|0|0|0|0|0|0|0|0|0|0|0|0|0|0|0|0|0|0|0|0|0|0|0|0|0|0|0|0|0|0|0|0|0|0|0|0|1</HistCounts>
      </HistItem>
    </Histograms>
    <Metadata>
      <MDI key="RepresentationType">ATHEMATIC</MDI>
      <MDI key="STATISTICS_EXCLUDEDVALUES"></MDI>
      <MDI key="STATISTICS_MAXIMUM">567401</MDI>
      <MDI key="STATISTICS_MEAN">34904.432309643</MDI>
      <MDI key="STATISTICS_MINIMUM">1</MDI>
      <MDI key="STATISTICS_SKIPFACTORX">1</MDI>
      <MDI key="STATISTICS_SKIPFACTORY">1</MDI>
      <MDI key="STATISTICS_STDDEV">36213.890299222</MDI>
    </Metadata>
  </PAMRasterBand>
</PAMDataset>
