<PAMDataset>
  <Metadata>
    <MDI key="DataType">Generic</MDI>
  </Metadata>
  <PAMRasterBand band="1">
    <Description>Band_1</Description>
    <Histograms>
      <HistItem>
        <HistMin>1283.065307617188</HistMin>
        <HistMax>682315.375</HistMax>
        <BucketCount>256</BucketCount>
        <IncludeOutOfRange>1</IncludeOutOfRange>
        <Approximate>0</Approximate>
        <HistCounts>1158|1210|1653|392|1956|898|314|760|2432|202|1650|1|1414|2173|101|362|0|2203|637|0|89|1162|716|63|131|285|1746|0|25|106|28|554|575|6|2|88|547|186|12|211|236|7|3|249|85|326|44|4|24|100|43|21|61|8|223|77|0|44|52|11|0|7|16|133|0|23|55|36|0|7|8|0|73|3|0|0|33|36|5|20|0|58|7|0|1|2|13|5|15|1|36|0|3|0|0|12|0|0|3|31|1|3|0|0|8|0|5|0|4|9|7|0|0|3|2|0|2|0|5|6|2|4|1|0|0|0|0|6|0|0|0|0|4|0|0|0|3|0|0|0|0|0|0|0|0|1|0|0|0|0|1|0|0|0|1|2|0|0|0|1|0|0|0|0|0|0|1|0|0|0|0|0|1|0|0|0|0|1|0|0|0|0|1|0|0|0|0|0|0|0|0|0|0|0|0|0|0|0|0|0|0|0|0|0|0|0|0|0|0|0|0|0|0|0|0|0|0|0|0|0|0|0|0|0|0|0|0|0|0|0|0|0|0|0|0|0|0|0|0|0|0|0|0|0|0|0|0|0|0|0|0|0|0|0|0|1</HistCounts>
      </HistItem>
    </Histograms>
    <Metadata>
      <MDI key="BandName">Band_1</MDI>
      <MDI key="RepresentationType">ATHEMATIC</MDI>
      <MDI key="STATISTICS_COVARIANCES">1907513590.508452</MDI>
      <MDI key="STATISTICS_EXCLUDEDVALUES"></MDI>
      <MDI key="STATISTICS_MAXIMUM">682315.375</MDI>
      <MDI key="STATISTICS_MEAN">47461.51689863</MDI>
      <MDI key="STATISTICS_MINIMUM">1283.0653076172</MDI>
      <MDI key="STATISTICS_SKIPFACTORX">1</MDI>
      <MDI key="STATISTICS_SKIPFACTORY">1</MDI>
      <MDI key="STATISTICS_STDDEV">43675.091190614</MDI>
    </Metadata>
  </PAMRasterBand>
</PAMDataset>
