<PAMDataset>
  <Metadata>
    <MDI key="DataType">Generic</MDI>
  </Metadata>
  <PAMRasterBand band="1">
    <Description>Band_1</Description>
    <Histograms>
      <HistItem>
        <HistMin>286.6422424316406</HistMin>
        <HistMax>312907.46875</HistMax>
        <BucketCount>256</BucketCount>
        <IncludeOutOfRange>1</IncludeOutOfRange>
        <Approximate>0</Approximate>
        <HistCounts>2681|2795|1421|421|1265|465|623|260|2610|110|292|33|1345|2072|786|11|196|2108|476|7|6|233|689|0|965|291|0|1100|1|696|0|535|120|0|28|88|967|0|183|0|230|0|12|272|78|326|30|0|207|94|43|34|0|0|223|0|0|43|55|70|0|75|15|132|0|21|0|0|43|5|8|0|73|57|0|0|33|18|0|5|0|58|7|0|1|20|13|5|20|5|37|0|0|0|2|12|0|0|13|0|21|3|3|0|8|0|0|0|4|9|10|1|0|3|2|0|0|5|5|0|2|2|8|0|0|0|0|6|2|0|0|0|4|0|4|0|3|0|0|0|0|0|0|0|0|1|0|4|0|0|1|0|0|0|1|0|0|0|0|0|0|0|0|0|0|0|0|0|0|0|0|2|1|0|0|0|1|0|0|0|0|0|1|0|1|0|0|0|0|0|0|0|0|0|0|0|1|0|0|0|0|0|0|0|0|0|0|0|0|0|0|0|0|0|0|0|0|0|0|0|0|0|0|0|0|0|0|0|0|0|0|0|0|0|0|0|0|0|0|0|0|0|0|0|0|0|0|0|0|0|0|0|0|0|0|1</HistCounts>
      </HistItem>
    </Histograms>
    <Metadata>
      <MDI key="BandName">Band_1</MDI>
      <MDI key="RepresentationType">ATHEMATIC</MDI>
      <MDI key="STATISTICS_COVARIANCES">456334177.3494132</MDI>
      <MDI key="STATISTICS_EXCLUDEDVALUES"></MDI>
      <MDI key="STATISTICS_MAXIMUM">312907.46875</MDI>
      <MDI key="STATISTICS_MEAN">20718.152958079</MDI>
      <MDI key="STATISTICS_MINIMUM">286.64224243164</MDI>
      <MDI key="STATISTICS_SKIPFACTORX">1</MDI>
      <MDI key="STATISTICS_SKIPFACTORY">1</MDI>
      <MDI key="STATISTICS_STDDEV">21361.979715125</MDI>
    </Metadata>
  </PAMRasterBand>
</PAMDataset>
