<?xml version="1.0" encoding="UTF-8"?>
<metadata xml:lang="en"><Esri><CreaDate>20210201</CreaDate><CreaTime>12483200</CreaTime><ArcGISFormat>1.0</ArcGISFormat><SyncOnce>TRUE</SyncOnce><DataProperties><lineage><Process ToolSource="c:\arcgis\desktop10.7\ArcToolbox\Toolboxes\Spatial Analyst Tools.tbx\RasterCalculator" Date="20210201" Time="124832">RasterCalculator Int("DRB2000.tif" + .5) F:\natsyn\DelawareRiverBasin\DRB2021\GIS\RoadSaltDRB\DRB2000int.tif</Process></lineage></DataProperties></Esri></metadata>
