<PAMDataset>
  <PAMRasterBand band="1">
    <Histograms>
      <HistItem>
        <HistMin>1</HistMin>
        <HistMax>542251</HistMax>
        <BucketCount>256</BucketCount>
        <IncludeOutOfRange>1</IncludeOutOfRange>
        <Approximate>0</Approximate>
        <HistCounts>1513|1488|936|1269|1387|605|932|953|519|2903|783|1133|960|1332|270|368|466|503|1409|1091|244|457|352|784|273|288|204|598|113|490|172|237|182|81|292|211|280|55|255|50|90|113|52|112|81|158|101|29|66|65|63|36|45|42|116|13|12|39|53|31|28|12|23|81|6|26|3|20|35|26|6|18|17|26|7|15|19|24|4|8|5|19|21|4|6|4|16|10|3|7|6|17|1|4|0|12|4|3|2|4|15|2|3|1|6|10|2|0|3|7|1|1|0|1|4|2|3|0|4|1|0|2|0|0|0|2|1|0|3|0|0|0|0|1|0|0|2|2|0|1|0|0|0|0|0|1|0|0|0|0|1|0|0|0|1|1|0|0|0|0|0|0|0|0|0|0|0|0|0|0|0|0|0|1|0|0|0|0|0|0|0|0|1|0|0|0|0|0|0|0|0|0|0|0|0|0|0|0|0|0|0|0|0|0|0|0|0|0|0|0|0|0|0|0|0|0|0|0|0|0|0|0|0|0|0|0|0|0|0|0|0|0|0|0|0|0|0|0|0|0|0|0|0|0|0|0|0|0|0|0|0|0|0|0|0|1</HistCounts>
      </HistItem>
    </Histograms>
    <Metadata>
      <MDI key="RepresentationType">ATHEMATIC</MDI>
      <MDI key="STATISTICS_EXCLUDEDVALUES"></MDI>
      <MDI key="STATISTICS_MAXIMUM">542251</MDI>
      <MDI key="STATISTICS_MEAN">34347.783052758</MDI>
      <MDI key="STATISTICS_MINIMUM">1</MDI>
      <MDI key="STATISTICS_SKIPFACTORX">1</MDI>
      <MDI key="STATISTICS_SKIPFACTORY">1</MDI>
      <MDI key="STATISTICS_STDDEV">32983.62399548</MDI>
    </Metadata>
  </PAMRasterBand>
</PAMDataset>
