<PAMDataset>
  <PAMRasterBand band="1">
    <Histograms>
      <HistItem>
        <HistMin>409</HistMin>
        <HistMax>559101</HistMax>
        <BucketCount>256</BucketCount>
        <IncludeOutOfRange>1</IncludeOutOfRange>
        <Approximate>0</Approximate>
        <HistCounts>2482|1766|1101|839|940|604|775|381|2837|209|419|195|1382|2153|840|63|233|37|2126|491|19|246|695|4|982|294|6|1110|3|613|90|536|126|29|6|88|969|1|184|0|231|1|12|274|78|326|30|0|184|24|94|77|0|0|223|0|0|43|55|59|86|0|15|132|0|21|0|0|43|0|5|8|55|75|0|0|35|16|0|5|0|0|58|7|1|20|13|25|0|5|1|36|0|2|0|12|0|10|3|0|21|0|6|0|0|8|0|0|4|19|1|0|0|0|3|2|5|0|5|0|2|9|0|1|0|0|0|8|0|0|0|4|0|4|0|0|0|3|0|0|0|0|0|0|0|0|5|0|0|0|1|0|0|0|0|1|0|0|0|0|0|0|0|0|0|0|0|0|0|0|2|0|0|1|0|1|0|0|0|0|0|0|2|0|0|0|0|0|0|0|0|0|0|0|1|0|0|0|0|0|0|0|0|0|0|0|0|0|0|0|0|0|0|0|0|0|0|0|0|0|0|0|0|0|0|0|0|0|0|0|0|0|0|0|0|0|0|0|0|0|0|0|0|0|0|0|0|0|0|0|0|0|0|0|0|1</HistCounts>
      </HistItem>
    </Histograms>
    <Metadata>
      <MDI key="RepresentationType">ATHEMATIC</MDI>
      <MDI key="STATISTICS_EXCLUDEDVALUES"></MDI>
      <MDI key="STATISTICS_MAXIMUM">559101</MDI>
      <MDI key="STATISTICS_MEAN">37981.863492287</MDI>
      <MDI key="STATISTICS_MINIMUM">409</MDI>
      <MDI key="STATISTICS_SKIPFACTORX">1</MDI>
      <MDI key="STATISTICS_SKIPFACTORY">1</MDI>
      <MDI key="STATISTICS_STDDEV">37449.288509883</MDI>
    </Metadata>
  </PAMRasterBand>
</PAMDataset>
