<PAMDataset>
  <Metadata>
    <MDI key="DataType">Generic</MDI>
  </Metadata>
  <PAMRasterBand band="1">
    <Description>Band_1</Description>
    <Histograms>
      <HistItem>
        <HistMin>614.2333984375</HistMin>
        <HistMax>586199.625</HistMax>
        <BucketCount>256</BucketCount>
        <IncludeOutOfRange>1</IncludeOutOfRange>
        <Approximate>0</Approximate>
        <HistCounts>2246|1807|1214|876|1496|85|860|514|2626|1076|419|102|1371|2154|132|63|178|2138|483|33|873|275|695|4|737|260|11|1107|31|94|440|539|120|6|7|100|735|0|184|1|413|2|14|68|78|326|30|0|80|94|51|95|0|0|223|0|0|50|51|11|0|55|15|132|2|21|0|0|36|5|8|20|73|22|0|0|33|16|2|5|0|68|7|0|1|3|13|5|0|6|36|0|10|1|0|12|0|0|8|0|21|3|7|0|8|0|0|2|4|9|4|0|4|3|2|0|0|0|5|0|4|0|5|0|0|0|0|6|0|0|0|0|0|0|0|0|3|0|0|0|0|0|0|2|0|1|0|1|0|0|1|0|0|1|1|0|0|0|0|0|0|0|0|1|0|0|0|0|0|0|0|0|1|0|0|0|0|0|0|0|0|0|1|0|0|0|0|0|0|0|0|0|0|0|0|0|0|0|0|0|0|0|0|0|0|0|0|0|0|0|0|0|0|0|0|0|0|0|0|0|0|0|0|0|0|0|0|0|0|0|0|0|0|0|0|0|0|0|0|0|0|0|0|0|0|0|0|0|0|0|0|0|0|0|0|1</HistCounts>
      </HistItem>
    </Histograms>
    <Metadata>
      <MDI key="BandName">Band_1</MDI>
      <MDI key="RepresentationType">ATHEMATIC</MDI>
      <MDI key="STATISTICS_COVARIANCES">1397606126.683301</MDI>
      <MDI key="STATISTICS_EXCLUDEDVALUES"></MDI>
      <MDI key="STATISTICS_MAXIMUM">586199.625</MDI>
      <MDI key="STATISTICS_MEAN">38410.785537035</MDI>
      <MDI key="STATISTICS_MINIMUM">614.2333984375</MDI>
      <MDI key="STATISTICS_SKIPFACTORX">1</MDI>
      <MDI key="STATISTICS_SKIPFACTORY">1</MDI>
      <MDI key="STATISTICS_STDDEV">37384.570703477</MDI>
    </Metadata>
  </PAMRasterBand>
</PAMDataset>
