<PAMDataset>
  <Metadata>
    <MDI key="DataType">Generic</MDI>
  </Metadata>
  <PAMRasterBand band="1">
    <Description>Band_1</Description>
    <Histograms>
      <HistItem>
        <HistMin>1.15786612033844</HistMin>
        <HistMax>567400.75</HistMax>
        <BucketCount>256</BucketCount>
        <IncludeOutOfRange>1</IncludeOutOfRange>
        <Approximate>0</Approximate>
        <HistCounts>2306|2304|1575|1125|1056|594|787|628|617|1953|1337|403|854|1952|177|314|414|433|1273|326|177|1176|356|149|231|260|786|546|103|126|183|223|542|68|102|192|259|50|125|244|145|44|67|236|81|153|46|18|29|74|54|47|76|59|147|10|11|36|23|28|28|15|35|68|13|55|7|19|23|9|7|20|35|7|5|14|33|16|20|9|6|33|6|3|4|4|17|10|3|8|6|17|1|0|2|14|1|2|8|5|14|1|2|0|9|6|0|2|5|9|1|1|0|3|6|0|0|1|7|2|2|2|0|0|1|1|1|3|0|0|1|3|0|0|0|0|3|0|0|0|0|0|0|0|0|0|0|0|0|1|1|0|0|1|1|0|0|1|0|0|0|0|0|1|0|0|0|0|0|0|0|0|0|1|1|0|0|0|0|0|0|1|0|0|0|0|0|0|0|0|0|0|0|0|0|0|0|0|0|0|0|0|0|0|0|0|0|0|0|0|0|0|0|0|0|0|0|0|0|0|0|0|0|0|0|0|0|0|0|0|0|0|0|0|0|0|0|0|0|0|0|0|0|0|0|0|0|0|0|0|0|0|0|0|0|1</HistCounts>
      </HistItem>
    </Histograms>
    <Metadata>
      <MDI key="BandName">Band_1</MDI>
      <MDI key="RepresentationType">ATHEMATIC</MDI>
      <MDI key="STATISTICS_COVARIANCES">1311443629.2016</MDI>
      <MDI key="STATISTICS_EXCLUDEDVALUES"></MDI>
      <MDI key="STATISTICS_MAXIMUM">567400.75</MDI>
      <MDI key="STATISTICS_MEAN">34904.45444</MDI>
      <MDI key="STATISTICS_MINIMUM">1.1578661203384</MDI>
      <MDI key="STATISTICS_SKIPFACTORX">1</MDI>
      <MDI key="STATISTICS_SKIPFACTORY">1</MDI>
      <MDI key="STATISTICS_STDDEV">36213.859628623</MDI>
    </Metadata>
  </PAMRasterBand>
</PAMDataset>
