<PAMDataset>
  <Metadata>
    <MDI key="DataType">Generic</MDI>
  </Metadata>
  <PAMRasterBand band="1">
    <Description>Band_1</Description>
    <Histograms>
      <HistItem>
        <HistMin>1.054595232009888</HistMin>
        <HistMax>516793.90625</HistMax>
        <BucketCount>256</BucketCount>
        <IncludeOutOfRange>1</IncludeOutOfRange>
        <Approximate>0</Approximate>
        <HistCounts>1369|1439|1703|1249|1188|565|1151|558|677|2162|570|502|896|2137|260|365|1170|482|1337|404|167|440|365|169|253|266|221|1324|96|143|177|216|170|672|106|198|265|57|136|61|149|413|54|108|88|147|54|24|35|258|61|45|37|59|110|140|9|37|32|29|27|17|35|71|7|25|58|29|26|49|8|21|35|5|6|12|22|18|7|11|7|37|8|36|3|5|15|4|5|7|7|16|3|1|1|13|13|1|6|20|13|1|2|1|9|3|1|2|2|8|9|1|1|3|3|0|1|0|4|2|2|3|0|2|6|1|2|3|0|0|0|0|4|0|0|0|4|3|2|0|0|0|0|0|1|2|0|0|1|3|2|0|2|0|1|0|0|0|0|0|0|0|0|0|0|1|3|0|0|0|0|0|0|1|0|0|0|0|0|0|0|1|0|0|0|0|0|0|0|1|0|0|0|1|0|0|0|0|0|1|0|0|0|0|0|0|1|0|0|0|0|0|0|0|0|0|0|0|0|0|1|0|0|0|0|0|0|0|0|0|0|0|0|0|0|0|0|0|0|0|0|0|0|0|0|0|0|0|0|0|0|0|0|0|0|1</HistCounts>
      </HistItem>
    </Histograms>
    <Metadata>
      <MDI key="BandName">Band_1</MDI>
      <MDI key="RepresentationType">ATHEMATIC</MDI>
      <MDI key="STATISTICS_COVARIANCES">1238837045.243678</MDI>
      <MDI key="STATISTICS_EXCLUDEDVALUES"></MDI>
      <MDI key="STATISTICS_MAXIMUM">516793.90625</MDI>
      <MDI key="STATISTICS_MEAN">35197.962496728</MDI>
      <MDI key="STATISTICS_MINIMUM">1.0545952320099</MDI>
      <MDI key="STATISTICS_SKIPFACTORX">1</MDI>
      <MDI key="STATISTICS_SKIPFACTORY">1</MDI>
      <MDI key="STATISTICS_STDDEV">35197.117001875</MDI>
    </Metadata>
  </PAMRasterBand>
</PAMDataset>
