<PAMDataset>
  <PAMRasterBand band="1">
    <Histograms>
      <HistItem>
        <HistMin>614</HistMin>
        <HistMax>586200</HistMax>
        <BucketCount>256</BucketCount>
        <IncludeOutOfRange>1</IncludeOutOfRange>
        <Approximate>0</Approximate>
        <HistCounts>2246|1807|1214|876|970|611|860|514|2626|209|1286|102|1371|2154|132|63|178|37|2584|33|873|275|695|0|738|263|11|1107|31|94|440|539|120|6|7|100|735|0|184|1|413|2|14|68|78|326|30|0|0|80|145|95|0|0|223|0|0|50|0|51|11|55|15|132|2|21|0|0|36|0|5|28|73|22|0|0|33|16|0|7|0|0|68|7|1|0|16|5|0|5|1|36|10|1|0|12|0|0|8|0|21|0|10|0|8|0|0|2|4|9|4|0|0|4|3|2|0|0|5|0|2|2|0|5|0|0|0|6|0|0|0|0|0|0|0|0|0|3|0|0|0|0|0|2|0|0|1|0|1|0|1|0|0|0|1|1|0|0|0|0|0|0|0|0|1|0|0|0|0|0|0|0|0|1|0|0|0|0|0|0|0|0|1|0|0|0|0|0|0|0|0|0|0|0|0|0|0|0|0|0|0|0|0|0|0|0|0|0|0|0|0|0|0|0|0|0|0|0|0|0|0|0|0|0|0|0|0|0|0|0|0|0|0|0|0|0|0|0|0|0|0|0|0|0|0|0|0|0|0|0|0|0|0|0|0|1</HistCounts>
      </HistItem>
    </Histograms>
    <Metadata>
      <MDI key="RepresentationType">ATHEMATIC</MDI>
      <MDI key="STATISTICS_EXCLUDEDVALUES"></MDI>
      <MDI key="STATISTICS_MAXIMUM">586200</MDI>
      <MDI key="STATISTICS_MEAN">38410.823624709</MDI>
      <MDI key="STATISTICS_MINIMUM">614</MDI>
      <MDI key="STATISTICS_SKIPFACTORX">1</MDI>
      <MDI key="STATISTICS_SKIPFACTORY">1</MDI>
      <MDI key="STATISTICS_STDDEV">37384.591717737</MDI>
    </Metadata>
  </PAMRasterBand>
</PAMDataset>
