<PAMDataset>
  <PAMRasterBand band="1">
    <Histograms>
      <HistItem>
        <HistMin>1</HistMin>
        <HistMax>427292</HistMax>
        <BucketCount>256</BucketCount>
        <IncludeOutOfRange>1</IncludeOutOfRange>
        <Approximate>0</Approximate>
        <HistCounts>2964|2742|1425|891|955|470|749|559|529|1886|1279|365|1545|1208|212|236|419|415|1297|324|163|1150|365|139|242|838|181|578|92|130|175|594|165|68|94|203|272|230|125|56|88|112|178|103|84|155|52|24|20|65|114|38|89|41|111|10|9|35|23|34|29|14|24|115|4|24|5|18|24|8|9|18|17|39|8|29|18|16|5|7|7|19|21|6|9|5|14|5|4|6|6|21|1|1|6|12|1|1|2|4|19|1|1|2|5|11|0|0|3|8|3|1|1|4|5|3|0|0|4|1|0|2|0|0|0|3|4|3|0|0|0|0|0|0|0|0|1|2|0|0|0|0|0|0|1|0|0|1|0|0|1|1|0|0|0|1|0|1|0|0|0|0|0|0|0|0|0|1|0|0|0|0|0|1|0|0|0|0|0|0|0|0|1|0|0|0|0|0|0|0|0|0|0|0|0|0|0|0|0|0|0|0|0|0|0|0|0|0|0|0|0|0|0|0|0|0|0|0|0|0|0|0|0|0|0|0|0|0|0|0|0|0|0|0|0|0|0|0|0|0|0|0|0|0|0|0|0|0|0|0|0|0|0|0|0|1</HistCounts>
      </HistItem>
    </Histograms>
    <Metadata>
      <MDI key="RepresentationType">ATHEMATIC</MDI>
      <MDI key="STATISTICS_EXCLUDEDVALUES"></MDI>
      <MDI key="STATISTICS_MAXIMUM">427292</MDI>
      <MDI key="STATISTICS_MEAN">25631.274353737</MDI>
      <MDI key="STATISTICS_MINIMUM">1</MDI>
      <MDI key="STATISTICS_SKIPFACTORX">1</MDI>
      <MDI key="STATISTICS_SKIPFACTORY">1</MDI>
      <MDI key="STATISTICS_STDDEV">27185.359155318</MDI>
    </Metadata>
  </PAMRasterBand>
</PAMDataset>
