<PAMDataset>
  <PAMRasterBand band="1">
    <Histograms>
      <HistItem>
        <HistMin>1</HistMin>
        <HistMax>292607</HistMax>
        <BucketCount>256</BucketCount>
        <IncludeOutOfRange>1</IncludeOutOfRange>
        <Approximate>0</Approximate>
        <HistCounts>607|1737|1759|774|1733|652|1001|686|684|2079|659|568|890|1332|288|1127|525|476|1338|1086|211|448|392|181|267|252|208|584|95|130|190|993|170|105|95|197|268|47|719|52|80|115|59|111|96|164|59|397|25|63|62|32|49|47|113|22|10|226|27|32|40|16|33|210|6|23|5|28|24|9|7|23|21|28|6|18|68|21|12|52|6|19|23|4|3|4|15|6|5|9|7|21|2|4|3|47|0|1|2|5|16|3|1|1|3|9|0|3|3|7|3|13|1|4|4|16|0|0|4|2|0|2|2|1|0|2|2|8|3|0|1|0|0|0|1|0|1|2|1|3|0|0|1|6|0|0|1|0|0|0|1|0|0|4|0|1|0|1|2|3|0|0|0|0|0|0|0|3|0|0|0|1|3|1|1|2|0|0|0|0|0|0|1|0|0|0|0|0|0|0|1|3|0|0|0|0|0|0|0|0|0|0|0|0|0|0|0|0|0|0|0|0|0|0|0|0|0|0|0|1|0|0|0|1|0|0|0|0|0|0|1|0|0|0|0|0|0|0|1|0|0|0|0|0|0|0|0|0|0|0|0|0|0|0|1|1</HistCounts>
      </HistItem>
    </Histograms>
    <Metadata>
      <MDI key="RepresentationType">ATHEMATIC</MDI>
      <MDI key="STATISTICS_EXCLUDEDVALUES"></MDI>
      <MDI key="STATISTICS_MAXIMUM">292607</MDI>
      <MDI key="STATISTICS_MEAN">20999.087588927</MDI>
      <MDI key="STATISTICS_MINIMUM">1</MDI>
      <MDI key="STATISTICS_SKIPFACTORX">1</MDI>
      <MDI key="STATISTICS_SKIPFACTORY">1</MDI>
      <MDI key="STATISTICS_STDDEV">21196.455939436</MDI>
    </Metadata>
  </PAMRasterBand>
</PAMDataset>
