<PAMDataset>
  <Metadata>
    <MDI key="DataType">Generic</MDI>
  </Metadata>
  <PAMRasterBand band="1">
    <Description>Band_1</Description>
    <Histograms>
      <HistItem>
        <HistMin>955.639892578125</HistMin>
        <HistMax>642168.75</HistMax>
        <BucketCount>256</BucketCount>
        <IncludeOutOfRange>1</IncludeOutOfRange>
        <Approximate>0</Approximate>
        <HistCounts>2074|1934|1372|544|1622|322|987|349|2642|178|429|165|533|2142|930|47|168|2889|491|19|70|239|707|3|114|266|1110|7|0|945|0|570|127|0|2|697|529|183|0|2|232|28|0|66|518|327|30|0|24|94|43|20|12|206|223|0|0|43|51|194|0|0|29|132|0|21|0|0|36|5|8|55|73|10|75|0|33|16|5|0|0|58|7|7|1|0|13|5|0|61|36|0|0|2|0|12|0|0|3|21|0|3|0|0|28|0|0|20|4|9|0|0|0|3|4|0|0|0|5|10|4|0|1|0|0|3|0|6|0|0|0|0|0|0|10|1|3|0|0|0|0|0|0|5|0|1|0|0|0|7|1|0|0|0|1|0|2|0|0|0|0|4|0|0|4|0|0|0|0|0|0|0|1|0|0|0|0|0|0|4|0|0|1|0|0|0|0|0|0|0|0|0|0|0|0|0|0|0|0|0|0|0|0|0|0|0|0|0|0|2|0|0|0|0|0|1|0|0|0|0|0|0|0|0|1|0|0|0|0|0|0|0|0|0|0|0|0|0|0|1|0|0|0|0|0|0|0|0|0|0|0|0|0|0|0|1</HistCounts>
      </HistItem>
    </Histograms>
    <Metadata>
      <MDI key="BandName">Band_1</MDI>
      <MDI key="RepresentationType">ATHEMATIC</MDI>
      <MDI key="STATISTICS_COVARIANCES">2174075909.752173</MDI>
      <MDI key="STATISTICS_EXCLUDEDVALUES"></MDI>
      <MDI key="STATISTICS_MAXIMUM">642168.75</MDI>
      <MDI key="STATISTICS_MEAN">46228.854951424</MDI>
      <MDI key="STATISTICS_MINIMUM">955.63989257813</MDI>
      <MDI key="STATISTICS_SKIPFACTORX">1</MDI>
      <MDI key="STATISTICS_SKIPFACTORY">1</MDI>
      <MDI key="STATISTICS_STDDEV">46626.986925515</MDI>
    </Metadata>
  </PAMRasterBand>
</PAMDataset>
