<PAMDataset>
  <PAMRasterBand band="1">
    <Histograms>
      <HistItem>
        <HistMin>956</HistMin>
        <HistMax>642169</HistMax>
        <BucketCount>256</BucketCount>
        <IncludeOutOfRange>1</IncludeOutOfRange>
        <Approximate>0</Approximate>
        <HistCounts>2074|1934|1372|544|1622|322|987|349|2642|178|429|165|533|2142|930|47|168|2889|491|19|70|239|707|3|114|266|10|1107|0|945|0|570|127|0|2|697|529|0|183|2|230|30|0|66|518|326|31|0|0|118|43|20|12|206|223|0|0|43|0|234|11|0|29|132|0|21|0|0|36|0|5|63|73|10|75|0|33|16|0|5|0|0|65|7|1|0|13|5|0|60|1|36|0|0|2|12|0|0|3|0|21|0|3|0|28|0|0|20|4|9|0|0|0|0|5|2|0|0|5|10|2|2|0|1|0|3|0|6|0|0|0|0|0|0|10|0|4|0|0|0|0|0|0|5|0|0|1|0|0|0|8|0|0|0|0|1|0|2|0|0|0|0|4|0|0|4|0|0|0|0|0|0|0|1|0|0|0|0|0|0|4|0|1|0|0|0|0|0|0|0|0|0|0|0|0|0|0|0|0|0|0|0|0|0|0|0|0|0|0|0|2|0|0|0|0|0|1|0|0|0|0|0|0|0|0|1|0|0|0|0|0|0|0|0|0|0|0|0|0|0|1|0|0|0|0|0|0|0|0|0|0|0|0|0|0|1</HistCounts>
      </HistItem>
    </Histograms>
    <Metadata>
      <MDI key="RepresentationType">ATHEMATIC</MDI>
      <MDI key="STATISTICS_EXCLUDEDVALUES"></MDI>
      <MDI key="STATISTICS_MAXIMUM">642169</MDI>
      <MDI key="STATISTICS_MEAN">46228.922448405</MDI>
      <MDI key="STATISTICS_MINIMUM">956</MDI>
      <MDI key="STATISTICS_SKIPFACTORX">1</MDI>
      <MDI key="STATISTICS_SKIPFACTORY">1</MDI>
      <MDI key="STATISTICS_STDDEV">46626.95228054</MDI>
    </Metadata>
  </PAMRasterBand>
</PAMDataset>
