<?xml version="1.0" encoding="UTF-8"?>
<metadata xml:lang="en"><Esri><CreaDate>20210201</CreaDate><CreaTime>13004000</CreaTime><ArcGISFormat>1.0</ArcGISFormat><SyncOnce>TRUE</SyncOnce><DataProperties><lineage><Process ToolSource="c:\arcgis\desktop10.7\ArcToolbox\Toolboxes\Spatial Analyst Tools.tbx\RasterCalculator" Date="20210201" Time="130040">RasterCalculator Int("DRB2001.tif" + .5) F:\natsyn\DelawareRiverBasin\DRB2021\GIS\RoadSaltDRB\DRB2001int.tif</Process></lineage></DataProperties></Esri></metadata>
