<PAMDataset>
  <Metadata>
    <MDI key="DataType">Generic</MDI>
  </Metadata>
  <PAMRasterBand band="1">
    <Description>Band_1</Description>
    <Histograms>
      <HistItem>
        <HistMin>436.7881774902344</HistMin>
        <HistMax>608457.3125</HistMax>
        <BucketCount>256</BucketCount>
        <IncludeOutOfRange>1</IncludeOutOfRange>
        <Approximate>0</Approximate>
        <HistCounts>1578|1592|1497|1132|1058|875|425|433|2931|204|1219|276|444|3022|71|144|208|63|2573|72|12|1110|706|48|109|281|611|1120|3|92|34|542|123|447|0|91|528|6|195|213|230|2|0|67|262|326|44|2|0|120|43|20|0|55|231|76|0|43|0|62|0|7|15|132|0|21|55|0|36|7|8|0|73|2|0|0|33|36|0|25|0|58|7|0|1|2|13|5|10|5|37|0|3|0|0|12|0|0|3|10|22|3|0|0|8|0|5|0|4|9|7|0|0|3|2|0|2|0|5|4|2|6|1|0|0|0|0|6|0|0|0|0|4|0|0|0|3|0|0|0|0|0|0|0|0|1|0|0|0|0|1|0|0|0|1|2|0|0|0|1|0|0|0|0|0|0|1|0|0|0|0|0|1|0|0|0|0|1|0|0|0|0|1|0|0|0|0|0|0|0|0|0|0|0|0|0|0|0|0|0|0|0|0|0|0|0|0|0|0|0|0|0|0|0|0|0|0|0|0|0|0|0|0|0|0|0|0|0|0|0|0|0|0|0|0|0|0|0|0|0|0|0|0|0|0|0|0|0|0|0|0|0|0|0|0|1</HistCounts>
      </HistItem>
    </Histograms>
    <Metadata>
      <MDI key="BandName">Band_1</MDI>
      <MDI key="RepresentationType">ATHEMATIC</MDI>
      <MDI key="STATISTICS_COVARIANCES">1557612438.285407</MDI>
      <MDI key="STATISTICS_EXCLUDEDVALUES"></MDI>
      <MDI key="STATISTICS_MAXIMUM">608457.3125</MDI>
      <MDI key="STATISTICS_MEAN">40941.431333178</MDI>
      <MDI key="STATISTICS_MINIMUM">436.78817749023</MDI>
      <MDI key="STATISTICS_SKIPFACTORX">1</MDI>
      <MDI key="STATISTICS_SKIPFACTORY">1</MDI>
      <MDI key="STATISTICS_STDDEV">39466.599021013</MDI>
    </Metadata>
  </PAMRasterBand>
</PAMDataset>
