<PAMDataset>
  <PAMRasterBand band="1">
    <Histograms>
      <HistItem>
        <HistMin>8498</HistMin>
        <HistMax>888395</HistMax>
        <BucketCount>256</BucketCount>
        <IncludeOutOfRange>1</IncludeOutOfRange>
        <Approximate>0</Approximate>
        <HistCounts>468|665|75|1891|130|2425|1432|243|2025|2512|287|120|133|0|3379|1272|32|338|687|1107|335|0|1128|352|527|526|600|120|0|143|929|54|184|183|410|14|381|169|326|30|18|190|201|121|20|0|233|109|7|148|0|62|239|0|19|132|21|4|102|36|6|28|113|145|2|0|33|18|0|64|10|89|7|3|2|90|5|0|5|47|64|0|0|0|17|0|26|25|28|28|0|12|10|0|0|8|9|15|0|14|16|2|6|0|5|0|6|2|20|0|0|0|6|15|0|0|0|6|0|2|0|3|0|0|6|0|16|0|1|1|3|0|0|2|0|5|0|1|0|6|0|0|1|0|0|7|0|3|0|0|0|0|3|0|5|0|0|0|0|0|0|0|1|3|0|1|0|0|0|0|0|0|6|0|0|0|0|0|1|0|0|0|6|0|0|0|0|0|0|0|0|2|0|0|0|0|0|0|0|0|1|0|0|0|1|0|0|0|0|0|0|0|0|0|0|0|0|1|0|1|0|0|0|0|0|0|0|0|3|0|0|0|0|0|0|0|0|0|0|0|0|0|0|0|0|0|0|0|0|0|0|0|0|0|0|1</HistCounts>
      </HistItem>
    </Histograms>
    <Metadata>
      <MDI key="RepresentationType">ATHEMATIC</MDI>
      <MDI key="STATISTICS_EXCLUDEDVALUES"></MDI>
      <MDI key="STATISTICS_MAXIMUM">888395</MDI>
      <MDI key="STATISTICS_MEAN">74155.706557723</MDI>
      <MDI key="STATISTICS_MINIMUM">8498</MDI>
      <MDI key="STATISTICS_SKIPFACTORX">1</MDI>
      <MDI key="STATISTICS_SKIPFACTORY">1</MDI>
      <MDI key="STATISTICS_STDDEV">63227.751396812</MDI>
    </Metadata>
  </PAMRasterBand>
</PAMDataset>
